user,activity,posture,AVGNN,SDNN,MeanHR,MinHR,MaxHR,RMSSD,pNNxx,TINN,powerVLF,powerLF,powerHF,ratioHFLF
0,eat,sit,682.3,102.57,87.938,70.755,137.3,88.265,28.969,501,3648.9,1150.8,1373.6,0.83781
0,eat,sit,647.96,105.86,92.598,73.565,151.84,102.92,32.727,530,1674.9,1701.7,2549.6,0.66744
0,eat,sit,668.3,70.965,89.78,75.453,128.96,56.976,15.833,467,315.94,1891.5,488.53,3.8718
0,eat,sit,680.34,57.515,88.191,72.957,101.01,42.669,9.4017,334,386.03,1274.7,444.48,2.868
0,eat,sit,612.12,51.331,98.02,82.781,115.52,21.759,3.0612,284,1953,631.79,222.46,2.84
0,eat,sit,618.75,44.225,96.969,79.177,112.11,23.597,4.9587,222,629.64,1171.4,315.48,3.713
0,eat,sit,572.26,36.845,104.85,88.339,119.14,28.116,2.2945,273,604.98,342.92,60.764,5.6435
0,focused-active,sit,1013.8,227.21,59.183,42.867,96.745,188.35,69.283,1023,25356,10981,12289,0.89355
0,focused-active,sit,1162.2,232.01,51.628,41.437,94.106,240.47,77.736,852,29716,8913.7,12432,0.71699
0,focused-active,sit,1110.5,234.53,54.031,43.36,83.333,215.37,74.632,1045,11491,8098.9,16103,0.50294
0,focused-active,sit,944.69,146.92,63.513,51.502,89.713,167.58,66.667,546,7290.5,5321.2,9181.6,0.57955
0,focused-active,sit,899.76,264.25,66.684,41.707,186.92,191.08,79.351,1103,27412,12958,16069,0.80638
0,focused-active,sit,707.75,104.05,84.776,64.925,151.63,90.083,26.588,553,4095.4,3192.9,2590.8,1.2324
0,focused-active,sit,730.04,52.765,82.187,72.639,100.6,36.069,6.7797,327,2696.7,622.33,427.85,1.4546
0,focused-active,sit,734.3,49.272,81.711,72.639,100.6,28.34,4.89,240,2195.5,530.71,390.2,1.3601
0,focused-active,sit,724.49,51.968,82.817,72.692,99.635,27.402,5.428,289,532.71,426.66,172.85,2.4684
0,focused-active,sit,784.44,98.469,76.488,57.792,107.45,62.31,27.487,521,3349.2,1275.4,1615.4,0.78954
0,focused-active,sit,791.18,57.936,75.836,67.781,99.933,36.682,14.021,291,1565.2,408.49,517.49,0.78938
0,focused-active,sit,796.04,54.088,75.373,66.593,90.063,38.56,13.83,312,1960.9,669.06,491.51,1.3612
0,focused-active,sit,816.97,56.887,73.442,65.189,82.988,50.282,26.776,261,1308.2,1657.1,892.56,1.8566
0,focused-active,sit,802.81,52.813,74.738,67.552,91.519,38.376,16.935,270,1884.8,500.58,609.11,0.82181
0,focused-active,sit,852.11,86.081,70.414,56,91.743,81.595,39.08,463,3539.1,1742.1,4408.4,0.39517
0,focused-active,sit,826.69,54.952,72.579,60.803,87.311,42.839,19.89,287,1043.2,1394.9,782.41,1.7829
0,focused-active,sit,652.89,37.859,91.9,78.145,104.64,21.1,3.2751,216,441.23,586.44,307.34,1.9081
0,focused-active,sit,666.3,57.06,90.049,76.825,108.23,27.451,6.2361,266,1742.9,661.95,371.97,1.7796
0,focused-active,sit,646.77,56.028,92.769,76.046,110.66,31.898,4.9569,336,1315.3,960.88,318.26,3.0192
0,focused-active,sit,771.3,42.738,77.791,64.823,88.158,35.227,14.433,248,592.61,763.66,419.72,1.8195
0,focused-active,sit,714.75,28.845,83.946,79.156,99.734,15.141,0.23866,139,235.85,190.39,62.903,3.0267
0,focused-passive,sit,753.99,83.801,79.577,69.686,117,83.705,40.931,525,1948.4,797.46,4979.7,0.16014
0,focused-passive,sit,774.88,46.597,77.431,70.439,91.102,41.501,21.762,228,1029.1,335.7,675.65,0.49686
0,focused-passive,sit,679.77,61.046,88.265,73.91,115.81,60.639,7.7098,392,392.04,489.28,400.2,1.2226
0,focused-passive,sit,700.35,78.025,85.671,74.313,161.06,67.163,17.757,438,3399.3,532.03,800.77,0.6644
0,focused-passive,sit,694.2,91.792,86.43,67.08,206.28,74.591,20.188,562,2655,1070.4,1802.2,0.59394
0,focused-passive,sit,698.05,91.939,85.953,71.582,148.49,77.247,20.616,476,2178.4,630.11,1122,0.56158
0,focused-passive,sit,601.44,85.921,99.76,79.576,153.06,93.303,17.103,433,2123.1,1236.4,699.77,1.7669
0,focused-passive,sit,606.8,116.33,98.88,76.943,255.8,107.88,24.33,544,2126.6,2103.4,2665.2,0.78918
0,focused-passive,sit,550.87,133.21,108.92,57.146,204.93,129.19,29.916,678,2974.2,2828.9,2905,0.97382
0,focused-passive,sit,805.09,83.533,74.526,63.98,118.96,78.573,47.244,549,1752,1572.8,2326.4,0.67605
0,focused-passive,sit,768.37,89.366,78.088,67.919,126.88,64.067,37.913,506,1523.9,1247.6,1993.1,0.62593
0,focused-passive,sit,771.23,84.498,77.797,69.773,133.67,76.331,38.404,517,1066.2,1712.3,2564.1,0.66782
0,focused-passive,sit,795.54,63.762,75.42,65.732,88.6,64.124,37.995,376,1274.3,609.93,1098.5,0.55524
0,focused-passive,sit,724.91,65.665,82.769,71.378,140.28,44.282,9.6618,382,1088.9,484.29,315.44,1.5353
0,focused-passive,sit,748.08,60.531,80.205,67.281,100.85,55.351,18.182,434,1134.9,452.53,904.11,0.50052
0,focused-passive,sit,718.43,85.819,83.516,68.081,118.2,72.712,18.689,602,3304.1,1122.6,873.08,1.2858
0,focused-passive,sit,761.11,48.414,78.832,70.555,108.79,43.322,12.437,343,195.19,213.96,479.48,0.44623
0,focused-passive,sit,753.11,104.17,79.67,68.535,132.4,89.158,36.48,523,2160.2,1696.7,2191.9,0.77407
0,focused-passive,sit,791.06,74.916,75.848,59.708,95.268,66.803,28.76,495,2083.5,965.86,689.89,1.4
0,focused-passive,sit,796.96,75.712,75.286,61.187,112.29,60.22,35.904,418,2753.7,3001.1,1475,2.0347
0,focused-passive,sit,755.44,84.711,79.424,64.048,116,61.639,25.564,427,3187.4,1412.2,762.53,1.852
0,focused-passive,sit,769.77,98.096,77.945,61.805,112.57,78.024,32.653,565,3597.8,3342.5,2433,1.3738
0,focused-passive,sit,730.5,40.507,82.135,74.276,105.71,30.446,8.6538,256,231.25,190.94,277.55,0.68796
0,focused-passive,sit,735.33,35.986,81.596,74.981,90.799,24.628,2.9484,163,783.48,292.98,228.9,1.28
0,focused-passive,sit,735.34,41.348,81.595,75.301,99.174,25.467,3.6855,187,1152,337.03,241.49,1.3956
0,focused-passive,sit,673.27,47.52,89.117,72.516,107.18,24.619,5.4054,241,1388.6,906.41,340.07,2.6654
0,focused-passive,sit,669.14,40.517,89.667,80.064,108.07,22.112,2.6846,207,532,396.97,262.32,1.5133
0,focused-passive,sit,676.16,42.886,88.736,80.192,111.15,25.123,4.2986,211,967.92,841.63,611.48,1.3764
0,focused-passive,sit,674.51,57.448,88.953,73.403,111.19,26.477,6.982,256,1092.1,796.66,199.33,3.9966
0,focused-passive,sit,649.93,48.082,92.317,76.414,110.54,23.703,4.7722,223,1134.1,556.52,141.11,3.9439
0,focused-passive,sit,643.08,36.301,93.301,75.873,111.19,19.263,1.2876,215,255.96,396.15,110.35,3.5898
0,focused-passive,sit,663.38,42.685,90.446,72.516,107.18,22.946,3.5477,235,590.14,520.51,171.47,3.0356
0,focused-passive,sit,678.58,42.671,88.42,77.539,100.07,24.441,5.4422,201,1083.9,629.02,258.7,2.4314
0,household-chores,stand,732.52,120.22,81.909,55.566,148.96,97.906,28.117,678,9661.6,4017.5,3031,1.3255
0,household-chores,stand,695.99,147.93,86.208,61.64,178.78,130.16,46.56,670,10146,3311.8,4624.4,0.71615
0,household-chores,stand,629.9,115.03,95.252,67.858,163.49,109.79,28.931,506,2142.9,986.58,2020.7,0.48823
0,household-chores,stand,606.75,136.87,98.887,72.869,342.26,136.82,33.402,635,5483.4,3285,3232.5,1.0162
0,household-chores,stand,709.82,106.49,84.528,61.275,130.66,92.174,28.706,556,3884.9,2913.4,2863.8,1.0173
0,household-chores,stand,641.36,111.38,93.551,71.667,174.93,87.144,20.551,593,2680.8,1185,1794.1,0.66048
0,household-chores,stand,619.08,56.353,96.918,83.126,124.63,65.96,9.2784,421,475.44,499.06,522.92,0.95437
0,household-chores,stand,618.5,63.462,97.009,71.174,119.76,30.129,3.7815,397,1468.1,686.4,158.26,4.3373
0,household-chores,stand,786.2,112.97,76.317,56.937,101.87,81.59,31.842,532,5578.9,3437.3,2079.5,1.6529
0,household-chores,stand,773.12,147.75,77.607,50.729,106.27,78.879,24.352,632,14055,6492.2,3581.1,1.8129
0,household-chores,stand,672.57,59.711,89.21,69.995,102.88,28.226,6.2921,285,1456.7,851.43,287.88,2.9576
0,household-chores,stand,736.89,70.011,81.424,68.556,101.15,37.753,14.568,351,1271.4,2391.3,647.14,3.6952
0,household-chores,stand,569.36,36.295,105.38,91.912,119.86,28.691,0.95057,337,507.67,148.58,29.782,4.9889
0,household-chores,stand,575.59,55.555,104.24,87.925,138.82,26.533,2.3077,346,1815.7,379.54,131.92,2.877
0,household-chores,stand,583.77,64.68,102.78,77.902,129.14,38.248,6.2378,414,1163.9,1212.4,368.25,3.2923
0,household-chores,stand,564.73,59.766,106.25,78.105,128.81,24.028,2.8355,316,3468.7,1147.4,260.25,4.4088
0,household-chores,stand,567.53,39.095,105.72,91.912,123.25,14.743,0.75758,191,1520.5,339.26,78.405,4.327
0,household-chores,stand,584.54,46.283,102.64,87.925,116.01,32.526,2.3392,347,1131.9,688.48,168.18,4.0938
0,household-chores,stand,566.46,64.809,105.92,77.902,138.82,28.886,4.1667,421,5168,1343.5,544.93,2.4654
0,household-chores,stand,572.54,56.91,104.8,84.341,162.15,50.862,6.4885,455,916.54,270.98,83.597,3.2415
0,household-chores,stand,527.98,107.83,113.64,88.6,202.16,122.36,36.092,448,1026.3,1558.4,2047.4,0.76117
0,household-chores,stand,584.15,94.459,102.71,77.97,192.19,103.12,22.649,457,2282.3,704.2,1899.4,0.37074
0,household-chores,stand,575.96,63.002,104.17,80.819,202.13,41.379,6.3707,533,413.27,460.09,160.55,2.8656
0,household-chores,stand,544.15,88.528,110.26,84.507,184.96,88.782,21.597,411,2761.3,1219.3,2023.2,0.60268
0,household-chores,stand,633.78,79.684,94.67,81.722,139.35,65.728,11.158,502,1861.4,488.95,258.99,1.8879
0,household-chores,stand,690.84,44.297,86.851,75.567,109.43,37.886,6.8966,325,316.54,333.75,204.21,1.6344
0,household-chores,stand,528.62,47.998,113.5,88.339,130.21,33.798,3.7168,324,1508.5,453.72,152.48,2.9756
0,household-chores,stand,591.89,49.362,101.37,76.511,119.47,28.898,5.5446,273,592.38,516.13,207.48,2.4876
0,leisure-active,sit,1110.7,169.61,54.018,46.012,75.188,207.49,78.97,799,7728.6,3696.6,11131,0.33211
0,leisure-active,sit,1089,170.61,55.096,48.301,72.446,225.5,85.294,786,3484.2,4579.2,12162,0.37653
0,leisure-active,sit,775.37,47.646,77.382,68.462,95.359,36.69,14.508,230,1241.4,421.86,387.77,1.0879
0,leisure-active,sit,789.28,57.028,76.019,61.881,92.793,46.271,21.842,333,842.16,633.01,743.76,0.85109
0,leisure-active,sit,765.56,49.17,78.374,64.392,89.606,40.56,16.624,301,527.86,450.32,393.33,1.1449
0,leisure-active,sit,742.72,39.688,80.785,72.833,93.721,29.224,7.6923,200,492.1,515.79,343.75,1.5005
0,leisure-active,sit,757.45,45.055,79.213,67.919,89.552,33.882,12.152,221,909.1,725.59,560.82,1.2938
0,leisure-active,sit,767.09,51.889,78.218,65.445,94.192,38.652,14.615,274,1482.5,1400.6,689.16,2.0323
0,leisure-active,sit,763.33,45.752,78.603,66.065,90.498,35.64,12.755,253,796.33,515.64,425.67,1.2113
0,leisure-active,sit,794.53,49.29,75.516,62.06,88.054,42.02,14.854,285,1376.9,1108.5,831.78,1.3327
0,leisure-active,sit,805.24,59.603,74.512,58.617,93.284,48.597,21.833,330,953.44,1491,992.76,1.5018
0,leisure-active,sit,759.78,74.173,78.97,63.441,98.103,50.67,25.634,381,1769.4,1309.3,1165.3,1.1236
0,leisure-active,sit,802.57,88.272,74.759,54.459,92.736,60.731,24.85,448,10480,4378.3,3112.3,1.4068
0,leisure-active,sit,800.56,87.239,74.947,54.617,100.37,60.173,30.24,496,1452.8,549.86,697.94,0.78783
0,leisure-passive,sit,937.04,177.4,64.032,50.37,109.25,182.55,78.638,739,3907.3,6818.5,14028,0.48606
0,leisure-passive,sit,942.03,201.76,63.692,47.293,147.82,181.89,74.204,881,15472,9313.6,11606,0.80247
0,leisure-passive,sit,890.29,154.79,67.394,46.382,89.847,125.81,53.211,594,18775,7783.9,5695.5,1.3667
0,leisure-passive,sit,832.06,194.33,72.11,51.93,550.32,147.84,67.867,1006,9281.4,6654.5,8437.4,0.78869
0,leisure-passive,sit,837.01,143.2,71.683,52.91,208.43,121.65,54.054,827,3606,2992.6,3683.9,0.81233
0,leisure-passive,sit,818.07,111.28,73.343,58.835,102.6,107.8,52.846,544,3825.2,4404.6,3502.6,1.2575
0,leisure-passive,sit,761.14,43.989,78.829,71.107,91.047,34.661,13.486,210,398.9,635.34,447.2,1.4207
0,leisure-passive,sit,776.88,95.128,77.232,58.334,94.132,63.478,27.822,468,5182,3424,2043.9,1.6753
0,leisure-passive,sit,726.75,44.572,82.56,72.922,96.618,31.177,9.7324,226,477.61,422.75,417.31,1.013
0,leisure-passive,sit,740.51,72.282,81.025,64.207,99.967,48.973,18.362,439,2056.8,865.99,508.57,1.7028
0,leisure-passive,sit,766.36,56.078,78.292,69.236,93.691,38.174,15.641,277,396.64,361.86,372.44,0.97159
0,leisure-passive,sit,734.63,73.786,81.674,62.163,104.6,36.537,15.441,399,1006.6,1692.9,473.33,3.5767
0,leisure-passive,sit,707.78,73.129,84.773,72.499,112.02,33.383,10.402,376,4661.6,1686.3,392.07,4.301
0,leisure-passive,sit,732.76,66.477,81.882,63.638,98.717,36.451,11.794,356,2267.7,1694.9,455.69,3.7195
0,leisure-passive,sit,765.57,89.828,78.373,61.184,94.847,59.525,19.537,430,6545.6,1984.1,1005.3,1.9736
0,leisure-passive,sit,763.83,81.239,78.552,64.781,102.35,47.765,21.429,346,3637.3,1063.5,469.52,2.2651
0,leisure-passive,sit,747.35,72.222,80.284,65.431,104.06,44.601,16.332,339,2708.6,1910.2,682.61,2.7984
0,leisure-passive,sit,676.89,54.802,88.641,72.15,104.68,26.61,4.7511,291,1997,756.93,172.76,4.3813
0,leisure-passive,sit,702.36,69.251,85.427,72.063,113.85,33.589,11.502,341,1936.4,1071.2,318.01,3.3684
0,leisure-passive,sit,729.53,85.005,82.245,62.163,112.02,36.052,13.869,449,3062.2,915.57,309.61,2.9572
0,leisure-passive,sit,714.87,58.698,83.931,64.606,102.04,33.693,9.8086,315,764.66,1085.7,384.93,2.8205
0,leisure-passive,sit,775.95,89.953,77.325,61.184,94.847,60.241,21.354,434,4975.9,3523,1361.3,2.5879
0,leisure-passive,sit,762.65,75.812,78.673,64.781,99.668,48.555,19.388,354,3709.1,987.62,576.3,1.7137
0,movement,stand,553.43,139.84,108.42,81.235,211.57,157.41,50.746,536,2543.7,2731.1,3986.7,0.68505
0,movement,stand,562.31,151.06,106.7,79.135,290.52,146.94,42.323,695,9552.5,3547.6,4628.1,0.76652
0,movement,stand,642.32,41.493,93.412,78.616,107.57,18.48,1.2876,205,1090.5,904.66,75.417,11.995
0,movement,stand,645.37,32.864,92.97,83.079,105.37,18.17,1.5086,170,389.54,279.91,39.828,7.0279
0,movement,stand,644.56,43.192,93.086,79.26,109.77,17.283,1.5086,197,766.37,603.9,153.84,3.9254
0,movement,stand,478.32,71.889,125.44,81.811,151.44,28.626,2.5723,365,2197.1,84.136,72.876,1.1545
0,movement,stand,587.29,75.784,102.16,85.034,149.33,83.974,29.183,433,1529.4,572.76,465.82,1.2296
0,movement,stand,561.22,85.681,106.91,89.84,162.25,113.03,37.523,400,1105.5,1197.7,2337.8,0.5123
0,movement,stand,541.41,103.57,110.82,81.147,177.82,109.72,31.569,518,4104.7,2403.5,2507.8,0.95843
0,movement,stand,588.23,77.439,102,85.034,149.33,89.666,33.203,427,1648.9,505.66,643.13,0.78625
0,movement,stand,560.07,91.529,107.13,85.827,162.25,118.95,37.803,491,1148,1435.2,2235.2,0.64209
0,movement,stand,626.13,47.882,95.827,81.147,122.32,54.254,7.0539,352,277.93,357.38,284.66,1.2555
0,movement,stand,644.81,46.61,93.051,81.389,118.99,48.121,7.0664,360,481.49,901.9,86.611,10.413
0,movement,stand,625.9,87.188,95.861,79.031,136.89,94.301,18.449,461,1261.9,371.61,397.94,0.93383
0,movement,stand,523.65,104.28,114.58,86.654,274.84,134.88,41.906,584,3376.4,3480.4,3385.2,1.0281
0,movement,stand,588.8,73.684,101.9,86.68,124.21,102.57,21.875,412,729.33,461.88,930.67,0.49628
0,movement,stand,558.55,96.28,107.42,87.668,200.67,96.396,23.845,413,1726.2,1185.2,1418,0.83581
0,movement,stand,592.59,73.13,101.25,67.162,149.27,63.086,13.069,414,1601.1,734.05,517.99,1.4171
0,movement,stand,602.54,58.884,99.579,83.264,131.52,64.848,12.6,376,752.76,649.6,499.11,1.3015
0,movement,stand,532.9,106.43,112.59,85.949,166.02,126.88,44.524,492,2261.5,970.8,1963,0.49454
0,movement,stand,582.94,81.268,102.93,64.911,138.89,69.857,21.512,478,2714.9,667.82,1163.8,0.57382
0,movement,stand,610.07,84.566,98.35,79.597,140.1,83.149,19.192,498,2242.4,581.55,1424.9,0.40813
0,movement,stand,495.72,94.018,121.04,84.722,177.41,89.689,17.91,433,5394.3,545.86,1045.4,0.52217
0,movement,stand,544.14,45.41,110.26,83.519,123.61,22.945,3.4672,225,788.05,265.86,87.087,3.0528
0,movement,stand,516.06,55.065,116.27,92.937,186.22,60.723,7.401,376,655.4,299.18,179.27,1.6689
0,movement,stand,488.29,83.35,122.88,92.138,204.08,103.05,34.856,360,449.69,310.42,600.95,0.51654
0,movement,stand,498.77,79.782,120.29,92.851,199.77,107.58,36.286,460,387.56,625.7,1504.7,0.41584
0,sleep,lie,806.09,109.1,74.433,56.829,113.14,77.316,34.492,606,2728.9,2124.5,1250.1,1.6995
0,sleep,lie,776.71,164.59,77.249,57.328,225.88,95.066,44.11,755,8946.1,3433.5,3966.6,0.8656
0,sleep,lie,764.2,109.14,78.513,62.461,187.42,73.305,28.264,749,7618.7,2128.6,1287.7,1.6531
0,sleep,lie,892.89,95.921,67.198,55.866,79.156,101.94,62.537,425,2626.3,2234.2,5596,0.39926
0,sleep,lie,871.27,70.417,68.865,58.366,76.104,76.237,53.13,348,1272.1,843.09,3070.2,0.2746
0,sleep,lie,829.63,60.205,72.321,56.775,89.793,58.201,37.119,351,290.53,304.87,1971,0.15468
0,sleep,lie,835.11,68.671,71.846,58.64,98.2,62.64,37.796,378,710.17,818.56,2261.8,0.36191
0,sleep,lie,725.34,79.28,82.719,59.465,104.28,37.666,10.896,423,3152.3,633.6,877.62,0.72195
0,sleep,lie,719.67,60.831,83.372,70.939,102.39,34.112,5.2885,335,2709.4,484.81,430.8,1.1254
0,sleep,lie,772.36,57.927,77.684,64.157,92.851,39.071,13.325,324,2567.7,588.08,823.68,0.71398
0,sleep,lie,784.49,79.143,76.483,65.161,174.8,49.591,24.282,529,5469.5,757.81,1321.5,0.57344
0,sleep,lie,822.84,60.097,72.918,58.264,92.707,55.479,36.264,368,1443.1,989.86,1935.6,0.51139
0,sleep,lie,841.73,66.312,71.282,59.009,88.889,66.592,42.053,386,885.66,511.55,2875.6,0.1779
0,sleep,lie,889.54,111.97,67.451,55.766,100.21,106.69,58.507,547,3634.3,1811,5004.1,0.36189
0,sleep,lie,954.22,129.35,62.878,51.186,102.14,136.38,68.96,626,4860.5,3186,8338.2,0.3821
0,sleep,lie,969.81,103.77,61.868,53.514,71.208,126.8,66.992,430,1573.6,1690.5,5680.8,0.29758
0,sleep,lie,694.11,23.691,86.442,75.758,92.908,15.754,0.69444,145,207.44,115.74,55.097,2.1007
0,sleep,lie,694.86,24,86.348,78.431,93.458,16.714,0.4635,119,263.92,168.96,75.252,2.2453
0,sleep,lie,701.72,29.266,85.504,76.433,94.28,18.324,0.46838,134,368.49,209.42,60.341,3.4706
0,sleep,lie,725.87,32.471,82.66,73.26,100.23,24.492,3.3939,244,549.8,278.24,189.72,1.4666
0,sleep,lie,739.74,26.981,81.11,74.963,87.925,23.108,3.2099,126,201.03,339.99,58.09,5.8528
0,sleep,lie,742.93,28.616,80.761,75.038,89.206,22.769,2.6022,133,226.3,362.84,67.016,5.4143
0,sleep,lie,759.58,36.548,78.991,69.816,86.931,26.7,6.0837,164,431.01,451.81,87.175,5.1828
0,sleep,lie,778.98,35.648,77.024,67.966,89.767,28.349,8.3225,184,603.89,595.05,117.17,5.0785
0,sleep,lie,686.37,146.39,87.416,68.306,215.6,85.096,25.597,504,15158,1803.6,1483,1.2162
0,sleep,lie,696.63,71.108,86.129,71.839,208.04,38.689,4.2923,407,4812.5,1091.1,555.46,1.9643
0,sleep,lie,693.16,25.054,86.56,75.758,93.458,15.492,0.92486,134,366.21,170.83,67.69,2.5238
0,sleep,lie,696.31,23.498,86.168,78.227,92.764,16.731,0.34843,116,205.56,154.96,73.335,2.113
0,sleep,lie,704.63,30.735,85.151,74.869,94.28,19.533,1.0576,169,682.89,217.98,51.21,4.2566
0,sleep,lie,727.27,32.244,82.5,73.26,100.23,23.918,2.6699,240,409.55,188.23,88.869,2.1181
0,sleep,lie,737.95,28.309,81.306,75.113,89.206,23.075,3.4483,135,196.6,414.73,68.853,6.0234
0,sleep,lie,745.2,27.353,80.516,74.963,86.931,22.771,2.7363,125,155.13,421.89,87.032,4.8475
1,eat,sit,687.16,74.406,87.316,68.353,103.7,40.048,13.817,312,1804.1,3734.4,771.4,4.8411
1,eat,sit,697.27,66.883,86.05,69.849,108.74,28.871,7.8014,314,1168.6,2620.5,259.26,10.108
1,eat,sit,730.74,72.627,82.108,68.151,101.25,38.742,11.736,392,4030.4,1796.9,577.84,3.1097
1,eat,sit,734.01,75.225,81.743,67.099,99.602,39.318,17.488,375,3712.2,1586.2,672.99,2.357
1,eat,sit,792.17,91.867,75.741,61.576,93.052,65.959,35.013,470,2677.3,4952.7,1596.5,3.1022
1,eat,sit,765.28,64.424,78.403,65.789,94.877,49.38,26.087,308,800.9,2041.2,866.7,2.3552
1,eat,sit,809.69,63.073,74.102,65.703,90.937,33.217,10.569,333,850.1,2218.6,354.75,6.254
1,eat,sit,670.13,61.362,89.534,70.822,107.26,25.468,4.698,308,1672.9,1292.6,261.54,4.9424
1,eat,sit,689.33,66.301,87.041,67.461,109.45,33.449,10.369,308,2555.8,2138.5,511.23,4.183
1,eat,sit,695.68,72.83,86.247,67.325,102.42,39.086,15.349,361,853.46,4280.8,512.95,8.3454
1,focused-active,sit,796.74,66.79,75.307,64.254,91.158,47.943,26.596,307,815.68,1690.9,793.29,2.1315
1,focused-active,sit,806.96,68.058,74.353,65.26,93.4,48.707,24.259,314,1061.5,1452.8,1119.1,1.2982
1,focused-active,sit,772.11,105.05,77.709,55.918,110.21,50.756,24.548,479,1439.8,2185.2,948.4,2.3041
1,focused-active,sit,786.28,69.054,76.309,64.322,91.519,42.145,20,364,1491.6,1708.6,567.96,3.0082
1,focused-active,sit,819.57,69.37,73.209,59.821,87.617,40.969,20.604,312,2987,2678.8,450.7,5.9437
1,focused-active,sit,832.09,70.503,72.108,62.331,95.117,35.491,12.849,325,1487.9,1287.2,642.84,2.0024
1,focused-active,sit,745.67,45.124,80.465,70.126,93.429,28.158,7.6142,227,1190.8,695.17,221.49,3.1386
1,focused-active,sit,923.4,71.477,64.977,57.893,77.983,42.041,21.672,315,1868.6,1031,578.03,1.7836
1,focused-active,sit,889.48,63.23,67.455,60.631,84.866,35.877,13.393,293,1010.7,1346.8,390.76,3.4466
1,focused-active,sit,880.67,60.366,68.13,59.571,80.71,36.03,17.109,312,1881.8,1096.7,362.76,3.0232
1,focused-active,sit,886.98,57.816,67.645,59.406,83.449,35.018,15.43,275,758.39,1292.4,403.26,3.2049
1,focused-active,sit,822.63,86.369,72.937,61.275,90.009,55.96,31.868,450,3804.1,1681.7,859.31,1.9571
1,focused-active,sit,818.2,57.279,73.331,62.775,89.233,43.026,23.224,275,752.38,1681.4,756.41,2.2229
1,focused-active,sit,824.97,69.626,72.73,59.607,91.491,53.37,31.405,379,1529.5,5264.7,1113.8,4.7266
1,focused-active,sit,818.47,68.976,73.307,60.302,89.312,51.433,29.863,361,1701.2,1495.9,927.15,1.6135
1,focused-active,sit,793.67,82.794,75.598,63.532,105.37,47.567,24.668,355,1996.3,1586,807.9,1.9632
1,focused-active,sit,842.05,63.952,71.254,61.2,83.403,51.049,30.618,295,1883.8,1706.9,922.73,1.8499
1,focused-active,sit,810.7,75.028,74.01,61.817,91.884,34.152,13.208,295,3867.8,2077.4,383.69,5.4141
1,focused-active,sit,834.69,64.014,71.883,64.212,89.074,41.059,20.563,301,1283.9,1399,731.58,1.9123
1,focused-active,sit,873.96,53.516,68.653,62.867,84.341,35.167,13.235,269,696.61,643.73,602.16,1.069
1,focused-active,sit,839.03,71.188,71.511,63.586,90.909,46.849,11.236,413,2763.3,1804.7,763.69,2.3631
1,focused-active,sit,856.73,76.184,70.033,60.399,95.902,36.898,11.494,428,3027,1580.3,301.38,5.2436
1,focused-active,sit,865.83,56.607,69.298,61.894,86.856,33.528,12.573,278,1908.6,1543.4,508.57,3.0347
1,focused-active,sit,776.38,73.948,77.282,63.211,103.63,31.333,9.6104,307,2347.1,2130.1,289.59,7.3557
1,focused-active,sit,774.73,54.504,77.447,67.935,90.036,30.09,7.772,277,1041.9,1540.8,248.98,6.1882
1,focused-active,sit,774.49,55.854,77.471,66.225,90.854,29.647,7.7519,245,624.17,1667.9,273.77,6.0924
1,focused-active,sit,757.28,57.801,79.231,64.007,91.185,39.476,5.5696,350,965.47,1324.5,301.42,4.3942
1,leisure-passive,sit,701.24,85.18,85.563,64.272,108.54,42.524,16.076,403,2374.7,3658.4,943.28,3.8784
1,leisure-passive,sit,747.52,76.714,80.266,67.598,103.31,35.738,12.374,356,5077,1776.4,395.14,4.4955
1,leisure-passive,sit,770.22,72.33,77.9,65.359,98.945,36.182,15.245,305,3879.3,1451.1,554.09,2.6189
1,leisure-passive,sit,736.59,96.94,81.456,62.919,108.7,40.354,16.543,460,6553.2,5146,713.47,7.2127
1,leisure-passive,sit,763.4,97.832,78.596,62.972,100.91,40.115,15.979,466,3403.8,2421.4,525.45,4.6083
1,leisure-passive,sit,901.51,83.594,66.555,56.148,83.635,44.479,23.263,371,2234.7,1073.7,819.92,1.3096
1,leisure-passive,sit,898.1,80.071,66.808,56.37,92.393,43.587,20.544,352,1645.4,1701.8,542.07,3.1395
1,leisure-passive,sit,887,80.859,67.644,57.023,84.986,38.282,20.772,352,3338.9,1399.8,473.55,2.9559
1,leisure-passive,sit,910.28,77.765,65.914,57.937,90.117,40.407,20.365,355,2737.3,1159.8,555.85,2.0865
1,leisure-passive,sit,844.17,76.187,71.076,60.692,87.977,37.292,18.13,346,4032.6,1050.4,516.39,2.034
1,leisure-passive,sit,806.81,82.989,74.367,61.013,93.838,44.848,23.118,349,2124.2,2041.7,502.76,4.061
1,leisure-passive,sit,830,69.4,72.289,61,87.464,39.357,17.778,353,2033.2,1363.7,639.58,2.1322
1,leisure-passive,sit,746.55,64.601,80.37,63.857,97.815,28.354,5.985,289,1802.9,1473.2,289.88,5.0821
1,leisure-passive,lie,994.4,85.718,60.338,53.571,75.226,46.477,25.581,359,2588,2015.2,588.34,3.4252
1,leisure-passive,lie,981.29,68.307,61.144,55.117,75.075,45.385,20.984,324,2697.6,1895.4,499.58,3.7939
1,leisure-passive,lie,986.67,64.513,60.81,55.866,73.819,50.96,25.743,299,1165.4,2639.5,891.27,2.9614
1,leisure-passive,lie,1002.2,53.572,59.869,55.96,73.584,41.652,19.128,256,932.7,1087.9,523.98,2.0763
1,leisure-passive,lie,981.35,67.327,61.14,53.571,77.22,39.295,16.776,336,2525.6,1028.5,572.09,1.7978
1,leisure-passive,lie,981.56,81.242,61.127,54.25,75.226,48.014,24.262,331,3746,1593,572.9,2.7806
1,leisure-passive,lie,985.17,67.146,60.903,55.117,75.075,44.592,20.132,320,3214.6,1863.1,588.89,3.1638
1,leisure-passive,sit,753.13,75.68,79.668,68.012,103.13,36.658,13.35,400,3455.5,1820.4,525.71,3.4627
1,leisure-passive,sit,773.38,64.287,77.582,67.996,98.555,31.533,10.853,287,2428.6,1058.8,317.04,3.3396
1,leisure-passive,sit,799.3,65.81,75.066,65.617,92.49,37.05,15.2,292,2502.5,955.46,528.51,1.8078
1,leisure-passive,sit,806.38,69.464,74.406,63.492,94.251,35.546,12.129,321,2453.8,848.45,559.85,1.5155
1,leisure-passive,sit,891.57,101.76,67.297,56.001,90.627,64.24,27.19,549,2201.9,5614.4,871.06,6.4455
1,leisure-passive,sit,927.29,72.255,64.705,55.597,79.831,41.279,14.33,402,1914.6,1960.3,574.58,3.4117
1,leisure-passive,sit,898.78,58.886,66.757,58.377,79.402,32.355,11.55,282,2752.5,963.84,471.32,2.045
1,movement,stand,625.91,84.174,95.86,71.31,147.42,54.604,12.159,486,3715.5,746.04,237.52,3.1409
1,movement,stand,599.55,80.984,100.08,70.755,145.07,61.525,12.249,444,1754,1058.6,522.03,2.0279
1,movement,stand,633.84,81.129,94.662,70.175,112.44,36.503,6.5678,310,3886,1068.2,256.33,4.1674
1,movement,stand,549.1,54.214,109.27,78.452,159.91,36.61,3.8603,419,962.26,445.51,99.121,4.4946
1,movement,stand,527.38,56.495,113.77,88.81,156.74,47.077,6.2057,354,2279.3,820.74,127.76,6.4242
1,movement,stand,475.73,26.086,126.12,100.2,137.17,6.8526,0.15974,133,551.19,57.852,7.9777,7.2518
1,movement,stand,599.97,144.92,100,57.291,225.52,91.415,29.31,626,8150,7070.3,2841.2,2.4885
1,movement,stand,573.02,108.12,104.71,57.485,183.11,86.933,26.285,580,968.13,1202.3,1372.8,0.87574
2,eat,sit,814.64,108.33,73.653,59.761,96.339,61.586,19.074,564,7051.4,2931,1400.8,2.092
2,eat,sit,714.23,73.443,84.007,66.138,101.83,31.246,8.1146,370,3791.9,773.5,428.31,1.806
2,eat,sit,815.13,60.382,73.608,65.048,90.361,35.418,11.444,284,1194.4,384.15,360.2,1.066
2,eat,sit,706.42,67.851,84.936,66.652,97.752,28.173,5.2009,294,1427.1,484.81,383.58,1.264
2,eat,sit,648.75,44.64,92.486,77.459,110.86,18.445,2.1692,209,1062.7,716.17,181.65,3.943
2,eat,sit,729.71,79.375,82.224,62.67,98.814,43.287,16.341,397,3136.8,860.05,860.14,1.000
2,eat,sit,755.84,90.071,79.382,62.735,105.34,46.061,18.939,443,2988.3,640.23,1062.6,0.603
2,eat,sit,928.71,88.722,64.606,56.593,87.007,57.224,27.95,370,4363,2266.6,1181.9,1.918
2,eat,sit,954.64,65.622,62.851,57.471,82.759,49.719,28.754,340,1366.4,983.67,721.04,1.364
2,eat,sit,961.72,80.812,62.388,54.377,89.686,56.089,34.839,399,2049.1,895.89,1263,0.709
2,eat,sit,729.52,55.914,82.246,60.68,102.81,30.271,6.0976,343,1005.8,450,350.89,1.282
2,eat,sit,709.23,77.477,84.599,67.781,111.77,22.834,4.0284,366,7343.4,1414.9,252.33,5.607
2,eat,sit,779.78,64.929,76.945,62.5,87.387,27.122,7.0313,257,2331.3,629.33,346.83,1.815
2,eat,sit,672.71,65.091,89.192,68.571,113.64,31.942,3.5955,364,2001.6,1824.3,323.17,5.645
2,eat,sit,645.87,56.932,92.898,78.003,115.43,19.389,2.5918,252,3808.1,830.38,159.95,5.191
2,eat,sit,639.32,48.146,93.85,73.983,112.87,20.657,2.5696,237,764.11,693.97,233.07,2.978
2,eat,sit,814.98,96.965,73.621,56.296,88.836,52.911,26.703,413,4145.6,1785,1184.5,1.507
2,eat,sit,782.43,61.753,76.684,62.099,86.133,38.83,14.398,312,1549.6,796.82,672.21,1.185
2,eat,sit,790.55,77.035,75.896,58.605,87.796,33.576,9.2593,295,1788.7,1066.1,426.32,2.501
2,eat,sit,740.46,49.787,81.031,68.446,97.245,22.812,3.9604,236,2076.7,852.96,234.07,3.644
2,eat,sit,749.44,45.092,80.06,68.729,89.419,24.876,2.7569,257,522.08,231.14,176.4,1.310
2,eat,sit,744.81,57.76,80.557,65.232,93.926,36.137,11.721,275,941.83,1322.9,711.18,1.860
2,eat,sit,717.53,89.263,83.62,64.103,102.77,27.997,7.4341,339,10265,1251.3,397.69,3.146
2,eat,sit,745.8,71.459,80.451,65.833,95.633,46.966,17.955,338,656.36,3173,1267.5,2.503
2,eat,sit,714.92,32.898,83.926,72.446,94.103,20.702,2.1531,219,608.43,381.47,247.54,1.541
2,eat,sit,697.43,54.624,86.03,69.364,101.73,20.739,2.7972,294,3798.9,421.21,218.26,1.930
2,eat,sit,714.84,31.282,83.935,76.007,91.324,17.483,47.733,165,408.84,302.44,168.63,1.794
2,eat,sit,794.65,103.77,75.505,62.461,102.53,37.294,15.119,408,6319.7,1301.6,663.52,1.962
2,eat,sit,800.46,85.375,74.957,63.078,95.877,36.044,14.973,359,4806.5,2346.2,428.48,5.476
2,eat,sit,848.14,85.266,70.743,60.484,93.691,39.525,18.75,367,5023.4,1345.2,872.42,1.542
2,eat,sit,699.66,55.848,85.756,72.446,101.97,24.842,5.1522,229,2076,713.93,240.31,2.971
2,eat,sit,670.44,31.419,89.494,78.39,97.182,15.953,22.422,153,318.03,216.27,138.31,1.564
2,eat,sit,656.87,29.612,91.342,80.085,100.47,14.284,1.3187,145,272.23,280.69,95.894,2.927
2,eat,sit,721.95,63.367,83.108,66.489,96.618,29.26,8.9372,271,1500.2,996.66,569.28,1.751
2,eat,sit,681.76,34.444,88.007,79.031,99.734,20.855,1.5909,164,633.35,231.48,375.14,0.617
2,eat,sit,667.91,36.373,89.833,80.278,101.25,19.975,3.125,181,390.26,516.49,217.22,2.378
2,focused-active,sit,867.73,88.458,69.146,57.361,88.679,58.73,29.07,407,3532.6,1471.1,905.71,1.624
2,focused-active,sit,896.25,74.172,66.945,59.892,87.093,59.488,30.149,458,2982.7,1384.9,1408,0.984
2,focused-active,sit,906.64,57.006,66.178,60.533,80.407,49.855,31.515,294,1003.5,799.88,1236.8,0.647
2,focused-active,sit,895.52,55.546,67,58.662,82.372,45.773,24.324,287,2214,725.53,732.92,0.990
2,focused-active,sit,881.48,66.812,68.068,58.662,83.893,59.724,31.563,325,1058,1866.4,1514,1.233
2,focused-active,sit,859.53,72.782,69.806,56.904,85.155,60.374,27.011,424,2080.5,1688.9,1214.9,1.390
2,focused-active,sit,819.16,69.521,73.246,63.776,89.445,47.757,26.575,362,1630.8,1201.9,1370.6,0.877
2,focused-active,sit,811.42,66.908,73.945,63.857,91.94,52.633,32.791,324,2329.7,2346,1825.9,1.285
2,focused-active,sit,819.22,74.28,73.24,60.753,93.809,47.101,20.274,342,1445.7,872.89,693.48,1.259
2,focused-active,sit,844.62,79.564,71.038,60.338,92.966,48.326,26.554,383,3258.5,1207.2,1072,1.126
2,focused-active,sit,822.65,74.547,72.935,62.696,90.58,51.564,23.077,327,2011.2,1871.6,1225.2,1.528
2,focused-active,sit,810.36,109.8,74.041,61.362,108.62,55.393,24.39,485,5923.3,2315.7,1656,1.398
2,focused-active,sit,810.98,103.95,73.985,62.971,105.78,49.884,26.016,411,3004.3,1427.6,1477,0.967
2,focused-active,sit,827.74,143.75,72.486,54.575,110.86,64.273,34.53,732,6451.4,3638.2,2371,1.534
2,focused-active,sit,886.8,91.043,67.659,57.219,87.032,56.076,31.454,442,2767.6,2159.7,1081.6,1.997
2,focused-active,sit,850.82,129.66,70.52,55.793,103.31,58.396,26.136,524,14388,1561.4,1170.4,1.334
2,focused-active,sit,847.69,105.41,70.781,58.525,97.245,39.171,20.113,404,8843.5,628.98,389.22,1.616
2,focused-active,sit,887.83,87.583,67.58,59.335,97.624,51.02,26.113,403,2092.3,1061.5,1276.3,0.832
2,focused-active,sit,856.7,66.968,70.036,57.893,82.69,40.859,18.911,325,1308,1396,634.41,2.200
2,focused-active,sit,856.9,97.296,70.02,57.904,94.967,47.135,29.226,469,7195.1,726.22,823.38,0.882
2,focused-active,sit,841.73,74.605,71.281,59.078,87.873,49.95,29.014,355,2596.9,948.19,817.31,1.160
2,focused-active,sit,782.23,56.105,76.704,69.268,93.458,31.239,10.733,235,1192,544.24,460.05,1.183
2,focused-active,sit,783.65,91.302,76.565,61.894,103.53,45.082,15,530,5486.1,2175.9,916.9,2.373
2,focused-active,sit,733.8,110.91,81.766,63.627,113.85,41.874,19.118,561,8477.8,1371.1,1114.8,1.230
2,focused-active,sit,792.11,56.184,75.747,64.739,92.053,33.051,10.875,252,1572.5,1993.7,498.95,3.996
2,focused-active,sit,783.26,49.332,76.603,67.31,89.339,27.831,7.0681,241,1694.6,884.86,324.57,2.726
2,focused-active,sit,735.45,91.515,81.582,65.588,112.95,35.669,12.039,384,2884.7,1818,402.98,4.511
2,focused-active,sit,889.05,80.213,67.488,59.488,94.787,59.683,34.524,364,1237.8,1437.5,1318,1.091
2,focused-active,sit,792.11,56.184,75.747,64.739,92.053,33.051,10.875,252,1572.5,1993.7,498.95,3.996
2,focused-active,sit,783.26,49.332,76.603,67.31,89.339,27.831,7.0681,241,1694.6,884.86,324.57,2.726
2,focused-active,sit,735.45,91.515,81.582,65.588,112.95,35.669,12.039,384,2884.7,1818,402.98,4.511
2,focused-active,sit,889.05,80.213,67.488,59.488,94.787,59.683,34.524,364,1237.8,1437.5,1318,1.091
2,focused-active,sit,806.08,66.245,74.434,65.474,92.593,47.424,23.656,314,1980.2,1685.1,882.31,1.910
2,focused-active,sit,798.06,60.162,75.182,66.007,92.251,36.562,13.904,285,1119.3,811.86,472.22,1.719
2,focused-active,sit,795.43,59.023,75.431,65.847,97.688,29.768,9.5745,273,2118.9,668.47,294.32,2.271
2,focused-active,sit,798.23,59.7,75.166,67.446,97.213,33.386,9.8667,253,2166.2,565.75,407.32,1.389
2,focused-active,sit,767.8,71.908,78.145,65.818,100.7,27.934,7.9692,332,4276.8,979.35,307.65,3.183
2,focused-active,sit,748.61,40.022,80.149,70.572,94.103,21.196,1.7544,212,387.86,456.84,172.47,2.649
2,focused-active,sit,822.61,66.359,72.939,63.358,98.425,35.578,12.672,324,1715.9,753.35,543.13,1.387
2,focused-active,sit,806.85,69.949,74.363,61,90.772,36.474,11.59,323,2680.5,845.74,410.57,2.060
2,focused-passive,sit,592.59,37.714,101.25,89.713,117.51,15.367,1.1881,186,848.95,497.21,129.68,3.834
2,focused-passive,sit,634.34,41.368,94.586,80.021,106.99,10.672,42.373,184,1040.9,259.76,83.672,3.105
2,focused-passive,sit,645.55,38.646,92.945,81.967,107.53,11.386,21.552,178,1266.8,683.47,40.052,17.065
2,focused-passive,sit,664.17,54.585,90.338,74.59,112.57,15.292,88.889,249,1264.6,642.9,79.109,8.127
2,focused-passive,sit,673.78,46.035,89.05,74.664,113.08,19.02,2.7027,283,1347.2,1071.8,221.42,4.841
2,focused-passive,sit,689.69,41.297,86.996,75.624,106.35,15.925,1.1521,210,1192.2,776.89,129.3,6.008
2,focused-passive,sit,696.81,57.378,86.107,73.547,106.76,17.59,1.6317,248,1186.7,835.61,118.28,7.065
2,focused-passive,sit,704.15,50.346,85.209,73.983,104.28,20.112,2.3529,228,1146.6,640.59,167.57,3.823
2,focused-passive,sit,727.83,46.88,82.437,70.061,103.2,21.572,2.9197,277,978.43,1169,182.38,6.410
2,focused-passive,sit,727.01,55.065,82.53,70.439,106.12,19.862,2.4331,261,2396.3,799.91,168.78,4.739
2,focused-passive,sit,722.25,66.06,83.073,67.476,109.73,25.985,3.8647,355,2347.2,3044.7,351.43,8.664
2,focused-passive,sit,711.16,68.333,84.369,68.871,107.72,33.274,6.4133,340,1839.8,2459.8,502.08,4.899
2,focused-passive,sit,715.54,79.429,83.852,68.182,105.75,31.892,8.6124,414,4454.5,2041.7,328.83,6.209
2,focused-passive,sit,758.08,62.078,79.147,66.726,105.23,32.241,6.8354,325,1012.3,671.75,333.15,2.016
2,focused-passive,sit,728.25,71.213,82.39,68.462,106.04,31.964,7.056,384,3285.8,1463.2,346.83,4.219
2,focused-passive,sit,742.93,89.412,80.762,67.234,145.94,45.453,12.987,555,2706,907.14,202.1,4.489
2,focused-passive,sit,672.58,95.861,89.208,66.342,117.65,19.066,2.4775,355,8672.4,837.31,154.04,5.436
2,focused-passive,sit,804.24,72.129,74.604,64.837,91.269,34.526,11.29,386,3246.3,1884.8,642.67,2.933
2,focused-passive,sit,781.26,77.09,76.799,64.865,95.663,32.985,10.705,387,5644.1,830.63,306.21,2.713
2,focused-passive,sit,761,59.607,78.843,68.792,94.937,27.502,6.1069,268,1792.6,591.27,266.33,2.220
2,focused-passive,sit,712.44,64.652,84.218,70.472,101.59,29.8,7.619,297,1282.9,1050.1,369.81,2.840
2,focused-passive,sit,749.61,59.956,80.042,70.028,97.561,32.086,9.5,258,937.15,971.35,446.12,2.177
2,focused-passive,sit,735.71,57.369,81.554,70.588,98.782,32.354,11.302,258,915.65,1626.9,793.29,2.051
2,focused-passive,sit,767.83,66.968,78.143,67.858,94.787,39.374,16.71,346,3187.3,1247.4,976.66,1.277
2,focused-passive,sit,765.95,66.346,78.334,65.804,101.35,38.266,11.509,372,1838.5,954.16,822.03,1.161
2,focused-passive,sit,758.79,54.604,79.074,68.823,93.371,33.435,10.406,261,743.4,1048.8,565.8,1.854
2,focused-passive,sit,775.67,62.178,77.352,67.522,93.139,40.345,17.922,270,711.92,1832.9,1019.3,1.798
2,focused-passive,sit,743.79,71.578,80.668,64.13,101.83,37.752,11.194,377,2151.5,2032.7,1073.6,1.893
2,focused-passive,sit,744.21,55.222,80.622,68.681,97.466,32.098,7.2139,260,1144.7,937.49,323.38,2.899
2,focused-passive,sit,931.6,81.674,64.405,54.113,96.712,42.247,19.375,406,2143.4,581.56,593.02,0.981
2,focused-passive,sit,655.77,95.78,91.495,62.487,113.12,26.523,3.9387,349,2606.1,1106.5,268.49,4.121
2,focused-passive,sit,885.29,80.676,67.775,58.962,88.522,59.176,30.267,465,1605,1694,1109,1.528
2,focused-passive,sit,797.24,118.57,75.26,59.583,102.81,52.426,21.333,644,7225.9,3202.8,1139.6,2.810
2,focused-passive,sit,884.66,88.165,67.823,56.872,83.589,56.86,29.882,435,3199.2,4434.2,1548,2.864
2,focused-passive,sit,862.15,84.07,69.594,58.881,96.494,45.984,22.832,393,4549.6,2836.6,914.39,3.102
2,focused-passive,sit,810.74,112.94,74.006,57.826,101.87,36.615,15.405,467,6232.7,1457.9,388.49,3.753
2,focused-passive,sit,864.81,112.02,69.38,59.172,103.59,48.068,20.52,406,2256.7,1312.6,962.85,1.363
2,focused-passive,sit,931.6,81.674,64.405,54.113,96.712,42.247,19.375,406,2143.4,581.56,593.02,0.981
2,focused-passive,sit,655.77,95.78,91.495,62.487,113.12,26.523,3.9387,349,2606.1,1106.5,268.49,4.121
2,focused-passive,sit,679.23,32.256,88.335,81.389,103.52,13.881,68.182,147,434.04,237,116.17,2.040
2,household-chores,stand,632.9,36.669,94.801,82.282,110.17,12.829,21.142,180,585.61,433.98,85.367,5.084
2,household-chores,stand,590.96,31.872,101.53,90.799,113.98,8.3355,0,136,807.2,251.76,45.085,5.584
2,household-chores,stand,647.36,46.556,92.684,70.588,105.56,17.909,1.2959,274,1891.2,1276.8,270.4,4.722
2,household-chores,stand,633.87,44.353,94.657,78.023,109.41,15.474,63.425,207,1700.1,988.98,117.13,8.443
2,household-chores,stand,802.4,82.766,74.776,63.158,98.912,46.232,19.035,370,1960.9,466.58,1032.6,0.452
2,household-chores,stand,854.65,60.755,70.204,61.287,85.911,54.537,33.429,308,1026.5,1603.1,1208.2,1.327
2,household-chores,stand,866.73,60.417,69.225,60.753,83.333,57.301,32.464,316,1705.5,1090.7,1474.8,0.740
2,household-chores,stand,581.87,60.201,103.12,72.272,122.4,18.449,2.5292,317,1423.1,553.93,79.848,6.937
2,household-chores,stand,574.87,49.838,104.37,69.865,120.19,21.203,1.7308,330,1031.5,1348.6,153.33,8.795
2,household-chores,stand,591.07,27.089,101.51,88.784,113.72,11.328,19.724,130,330.22,471.72,71.402,6.607
2,household-chores,stand,646.49,34.71,92.809,78.329,104.53,15.332,43.197,201,433.67,294.98,90.84,3.247
2,household-chores,stand,616.14,32.18,97.381,86.182,108.5,16.07,1.6461,187,164.71,714.08,127.96,5.580
2,household-chores,stand,592.84,33.641,101.21,87.515,114.03,15.612,79.208,188,370.41,692.93,183.31,3.780
2,household-chores,stand,591.26,39.267,101.48,84.246,117.65,13.898,59.406,197,1044.6,678.58,153.27,4.427
2,household-chores,stand,585.89,44.151,102.41,84.412,118.95,17.132,2.1569,211,1230.8,768.31,251.6,3.054
2,household-chores,stand,583.12,38.147,102.9,88.863,118.58,13.92,97.466,179,305.84,909.63,142.53,6.382
2,household-chores,stand,620.54,44.163,96.69,81.323,113.34,18.122,2.2774,220,546.86,871.77,148.31,5.878
2,household-chores,stand,629.07,38.088,95.379,84.222,110.33,15.947,84.034,173,600.3,486.41,128.08,3.798
2,household-chores,stand,609.21,38.809,98.488,74.608,111.44,16.136,1.4257,253,620.16,501.04,122.68,4.084
2,household-chores,stand,597.04,35.842,100.5,82.645,113.68,13.239,39.92,193,490.41,879.62,116.09,7.577
2,household-chores,stand,581.44,24.674,103.19,90.58,114.37,10.307,19.417,144,166,224.97,69.545,3.235
2,household-chores,stand,587.71,36.973,102.09,85.886,115.21,14.045,98.232,174,444.53,658.22,77.036,8.544
2,household-chores,stand,616.64,73.788,97.301,67.522,159.4,37.612,4.7619,482,3886.9,1438.2,1035.9,1.388
2,household-chores,stand,633.84,31.254,94.661,83.426,105.23,15.173,42.373,157,442.82,312.96,91.948,3.404
2,household-chores,stand,788.95,102.51,76.05,56.668,96.401,48.237,15.303,521,2852.9,1053.7,891.32,1.182
2,household-chores,stand,796.62,70.948,75.318,64.048,98.767,44.39,19.251,454,1297.9,2091.5,898,2.329
2,household-chores,stand,759.26,67.915,79.024,65.992,92.621,32.094,11.168,316,2087,1565.9,317.98,4.925
2,household-chores,stand,759.7,59.582,78.979,64.157,90.552,34.607,13.198,266,1510.7,1200.4,391.44,3.067
2,household-chores,stand,751.82,55.602,79.807,65.232,92.879,32.109,10.302,282,900.72,1464.1,415.18,3.526
2,household-chores,stand,769.71,64.639,77.952,63.452,91.241,25.938,5.9126,331,1626.5,1107.9,282.01,3.929
2,household-chores,stand,772.83,64.925,77.636,65.934,97.434,27.009,8.5052,301,2596.2,1358.2,251.02,5.411
2,household-chores,stand,770.28,62.324,77.894,65.92,92.879,31.019,8.5052,273,1291.7,958.29,337.15,2.842
2,household-chores,stand,756.53,70.434,79.31,67.492,94.518,33.72,9.8485,340,2889.4,1009.6,457.97,2.205
2,household-chores,stand,730.39,49.211,82.148,70.855,92.194,25.581,6.3415,225,1315.2,1365.9,386.83,3.531
2,household-chores,stand,681.53,43.435,88.037,75.301,100,20.888,2.5057,227,1057.1,367.64,152.14,2.416
2,household-chores,stand,695.81,81.292,86.231,67.735,106.8,24.749,6.5116,330,5385.9,576.63,112.08,5.145
2,household-chores,stand,723.87,52.161,82.887,69.865,93.4,29.301,7.0218,231,1498.8,917.34,473.98,1.935
2,household-chores,stand,688.5,61.671,87.147,68.95,101.08,21.113,4.3678,296,2153.2,1296.5,159.39,8.134
2,household-chores,stand,652.66,53.623,91.931,76.22,106.27,19.561,3.268,218,1328.4,1058.1,118.9,8.899
2,household-chores,stand,660.06,48.322,90.902,74.59,108.19,18.522,1.3245,216,1582.8,609.02,182.06,3.345
2,leisure-passive,sit,823.22,77.332,72.884,63.385,92.138,47.651,21.212,348,3692.7,1113.6,786.46,1.416
2,leisure-passive,sit,839.2,58.347,71.497,64.655,90.744,52.566,36.134,301,752.74,726.37,1008.6,0.720
2,leisure-passive,sit,834.01,68.865,71.942,62.854,91.408,42.819,20.334,336,2561.5,1042.1,760.29,1.371
2,leisure-passive,sit,798.71,57.569,75.121,64.935,95.147,39.59,19.786,277,2313.5,598.39,734.53,0.815
2,leisure-passive,sit,807.64,76.322,74.29,63.304,100,38.589,18.817,367,3684.9,1007.7,677.83,1.487
2,leisure-passive,sit,848.93,51.385,70.678,63.506,81.699,27.74,5.6818,209,1573.6,466.31,319,1.462
2,leisure-passive,sit,755.76,72.796,79.391,68.571,102.04,31.835,8.6076,311,2028.4,743.01,486.87,1.526
2,leisure-passive,sit,799.54,71.707,75.043,65.905,98.135,37.812,16.845,311,3446.6,2387,697.42,3.423
2,leisure-passive,sit,802.29,109.66,74.786,63.952,148.18,42.232,12.129,540,6921,1102,515.41,2.138
2,leisure-passive,sit,761.21,92.847,78.822,66.123,105.6,43.236,13.486,487,3410.3,3213.9,1053.3,3.051
2,leisure-passive,sit,727.17,76.295,82.511,68.353,112.78,32.767,9.2024,361,4209.2,1747,586.64,2.978
2,leisure-passive,sit,784.11,94.274,76.52,62.801,117.83,32.743,8.6614,372,2920.9,2672.8,324.09,8.247
2,leisure-passive,sit,801.91,70.116,74.821,64.795,100.23,35.083,10.724,303,2678.5,1667.1,888.51,1.876
2,leisure-passive,sit,775.67,114.85,77.352,63.871,112.39,52.844,23.896,523,13058,2587.4,1381,1.874
2,leisure-passive,sit,847.19,93.679,70.822,61.025,97.975,39.318,11.681,364,4522.1,1598.8,533.1,2.999
2,leisure-passive,sit,781.31,149.8,76.794,61.112,125.37,41.829,16.667,511,24856,1794.1,810.4,2.214
2,leisure-passive,sit,848.88,104.99,70.681,60.084,94.103,48.544,18.75,484,3828.2,1981.7,771.58,2.568
2,leisure-passive,sit,901.79,80.282,66.534,58.731,95.847,41.889,15.663,372,1433.7,856.12,467.08,1.833
2,leisure-passive,sit,890.6,109.45,67.37,55.107,93.926,49.734,20.536,422,4411.5,1123.1,790.42,1.421
2,leisure-passive,sit,711.34,73.435,84.348,63.198,101.9,31.628,4.9881,368,4851.8,2470.1,404.16,6.112
2,leisure-passive,sit,805.65,136.97,74.474,58.027,102.08,56.465,22.642,546,13071,1261.3,1681.3,0.750
2,leisure-passive,sit,719.76,68.88,83.361,64.516,96.556,27.696,6.9712,304,3224.8,1078.9,346.33,3.115
2,leisure-passive,sit,704.72,45.691,85.141,72.516,95.694,27.171,7.0755,215,1422.6,575.37,516.71,1.114
2,leisure-passive,sit,651.34,45.325,92.118,77.6,106.12,15.793,86.957,224,1107.3,254.65,181.23,1.405
2,leisure-passive,sit,756.52,86.668,79.311,63.843,97.688,32.175,11.392,360,8103,1460.2,340.36,4.290
2,leisure-passive,sit,728.1,44.009,82.406,73.873,102.08,35.674,7.2993,316,493.37,470.08,335.66,1.400
2,leisure-passive,sit,716.52,69.499,83.738,72.71,114.37,25.536,5.0239,284,1820.7,648.31,222.88,2.909
2,leisure-passive,sit,661.32,42.726,90.728,76.492,104.42,20.74,3.0905,199,609.91,907.33,221.11,4.104
2,leisure-passive,sit,735.75,67.378,81.549,65.531,100.84,37.075,15.025,349,1324.3,751.39,361.04,2.081
2,leisure-passive,sit,699.94,97.441,85.722,67.507,110.91,23.812,5.1522,395,6373.4,566.82,161.09,3.519
2,leisure-passive,sit,723.81,101.64,82.894,67.628,111.61,43.34,15.459,474,1869.2,888.83,619.43,1.435
2,leisure-passive,sit,759.5,45.169,78.999,71.497,91.631,29.484,6.8528,210,1042.2,553.47,254.97,2.171
2,leisure-passive,sit,727.07,43.415,82.523,74.239,102.08,34.477,5.5825,308,1305,595.67,330.33,1.803
2,leisure-passive,sit,737.45,47.069,81.361,72.71,97.72,24.485,5.9113,221,1811.8,610.92,320.25,1.908
2,leisure-passive,sit,665.82,59.81,90.114,73.638,114.37,24.883,4,275,1114.7,1293.7,211.31,6.122
2,leisure-passive,sit,698.92,60.259,85.847,65.531,100.84,31.953,9.3677,338,1801.8,2382.4,481.07,4.952
2,leisure-passive,sit,760.7,73.382,78.875,66.342,110.54,30.3,10.687,335,1737.5,525.38,489.51,1.073
2,leisure-passive,sit,660.92,90.515,90.782,71.225,111.61,34.583,7.2848,412,7263.6,838.02,393.01,2.132
2,leisure-passive,sit,779.94,52.533,76.929,67.628,88.235,36.6,13.281,234,994.71,682.86,554.65,1.231
2,movement,stand,530.91,25.089,113.01,101.97,126.65,12.969,89.445,150,391.57,169.8,107.03,1.586
2,movement,stand,535.7,21.473,112,98.879,123.2,6.0121,0,101,85.654,242.83,13.322,18.228
2,movement,stand,553.82,42.668,108.34,85.985,142.05,36.038,1.8904,340,896.06,338.81,69.415,4.881
2,movement,stand,529.54,23.121,113.31,98.49,126.37,5.6373,0,124,426.13,168.11,15.547,10.813
2,movement,stand,534.85,17.833,112.18,104.9,123.3,4.8825,0,83,170.89,143.66,15.966,8.998
2,movement,stand,609.43,69.766,98.452,79.936,143.06,30.936,1.0183,399,3240.4,573.18,104.71,5.474
2,movement,stand,576.48,27.312,104.08,92.678,115.12,9.8016,0,132,373.73,93.403,21.731,4.298
2,movement,stand,582.96,42.415,102.92,87.54,122.15,14.805,1.1696,182,601.85,786.85,192.27,4.092
2,movement,stand,578.43,34.129,103.73,86.906,118.53,12.169,58.027,186,299.22,557.18,76.431,7.290
2,movement,stand,607.32,47.429,98.795,77.2,112.4,16.331,1.8256,266,1698.1,524.41,214.47,2.445
2,movement,stand,617.17,61.496,97.218,77.18,113.94,16.683,1.8519,280,3730.1,663.39,128.3,5.171
2,movement,stand,661.59,35.521,90.691,78.844,104.9,13.557,44.248,188,445.82,517.72,101.4,5.106
2,movement,stand,649.85,31.575,92.328,81.833,102.95,12.278,43.384,152,501.06,346.35,129.14,2.682
2,movement,stand,669.39,35.064,89.633,77.359,101.42,12.555,44.743,180,428.91,632.13,56.702,11.148
2,movement,stand,650.62,32.258,92.22,81.878,106.19,11.723,21.739,156,397.96,583.73,68.522,8.519
2,movement,stand,621.44,44.434,96.55,79.702,113.9,15.086,1.2448,227,568.72,1088.1,105.75,10.289
2,movement,stand,646.05,42.764,92.872,76.355,106.46,14.778,64.795,221,1540.1,1015.1,104.35,9.728
2,movement,stand,643.68,43.182,93.214,78.411,112.61,13.168,64.516,224,1090.4,617.27,48.383,12.758
2,movement,stand,581.56,49.014,103.17,79.597,134.95,27.083,2.5292,359,1511.7,93.38,61.062,1.529
2,movement,stand,608.78,43.912,98.558,80.321,108.46,11.492,40.65,172,995.34,176.68,14.069,12.558
2,movement,stand,668.54,53.05,89.748,70.34,104.2,31.154,3.8031,282,505.08,802.88,365.68,2.196
2,movement,stand,659.31,52.801,91.005,74.386,107.49,19.302,1.5419,254,1602.6,308.23,189.51,1.626
2,movement,stand,731.45,78.124,82.029,69.606,101.97,27.042,6.6015,406,5864,645.78,345.74,1.868
2,movement,stand,689.84,55.189,86.976,70.989,118.33,24.159,2.3474,396,1536.1,933.51,238.54,3.913
2,movement,stand,646.51,68.58,92.806,76.123,106.57,33.299,86.768,374,3787.5,3525,2695.8,1.308
2,movement,stand,628.73,37.523,95.431,82.781,110.13,15.845,21.008,187,1438.8,175.34,71.651,2.447
2,movement,stand,669.6,39.268,89.606,77.781,101.83,13.473,89.485,191,1077.5,577.27,89.855,6.424
2,movement,stand,698.36,30.268,85.916,77.62,92.822,13.148,46.62,133,412.78,435.55,78.318,5.561
2,movement,stand,723.38,66.57,82.944,67.95,98.587,22.295,4.1063,277,2163.1,1000.5,271.94,3.679
2,movement,stand,635.02,73.81,94.485,64.433,175.34,34.524,3.4783,459,4771.8,1107,330.02,3.354
2,rest-active,sit,836.05,125.78,71.766,57.692,102.18,68.312,27.171,626,16809,2056.2,1496.3,1.374
2,rest-active,sit,864.81,84.358,69.379,60.766,93.926,50.364,24.566,366,2315.4,1251.4,1080.3,1.158
2,rest-active,sit,751.48,86.61,79.842,64.809,106.23,36.285,14.824,325,9110.1,1717.7,514.49,3.339
2,rest-active,sit,790.83,80.855,75.869,65.317,99.043,44.979,22.222,375,2543.4,2534.5,1172.9,2.161
2,rest-active,sit,745.48,58.767,80.485,70.291,96,34.751,11.471,262,2684.6,1048.6,595.1,1.762
2,rest-active,sit,720.68,65.122,83.255,67.904,108.3,27.373,5.0481,323,3347.1,1093.4,316.86,3.451
2,rest-active,sit,672.63,77.78,89.202,70.274,115.7,28.613,7.8652,311,6335.8,1447.4,327.81,4.415
2,rest-active,sit,665.2,66.208,90.198,78.844,115.56,19.397,2,244,2016.7,517.15,170.89,3.026
2,rest-active,sit,761.32,55.411,78.81,69.284,98.296,26.661,5.0891,250,586.51,696.49,336.54,2.070
2,rest-active,sit,766.74,43.404,78.253,71.208,91.13,29.727,8.9744,198,598.31,421.28,421.28,1.000
2,rest-active,sit,769.42,61.718,77.981,65.66,98.652,29.913,9.2545,284,586.55,812.75,537.54,1.512
2,rest-active,sit,743.91,59.654,80.655,70.888,95.481,30.002,9.7015,314,2017.7,1082.3,422.8,2.560
2,rest-active,sit,742.98,69.732,80.756,65.949,102.56,38.103,9.6774,347,2033.3,1038.6,792.95,1.310
2,rest-active,sit,727.75,62.795,82.445,69.914,100.57,32.758,6.0827,337,2352.9,1051.8,527.53,1.994
2,rest-active,sit,738.41,57.248,81.256,70.028,99.8,29.235,5.9259,256,2500.2,566.88,372.21,1.523
2,rest-active,sit,730.39,55.767,82.147,69.719,99.502,26.723,6.0976,255,1053.5,877.37,328.43,2.671
2,rest-active,sit,739.35,47.014,81.152,68.95,98.652,22.443,3.9506,235,958.41,1097.8,264.21,4.155
2,rest-active,sit,720.33,36.618,83.296,73.855,95.268,16.408,1.2019,184,388.98,145.93,84.166,1.734
2,rest-active,sit,753.21,32.841,79.659,74.331,90.58,16.156,75.567,158,442.17,239,137.18,1.742
2,sleep,lie,910.37,49.838,65.907,60.265,79.915,38.151,15.244,283,678.12,497.03,388.23,1.280
2,sleep,lie,890.5,69.223,67.378,58.106,88.002,48.611,26.786,319,2303.9,1010.7,675.56,1.496
2,sleep,lie,797.84,153.89,75.203,59.137,114.77,42.669,16.533,697,21544,1797.5,626.53,2.869
2,sleep,lie,889.35,111.36,67.465,57.526,132.62,55.744,26.409,584,6365.9,1227.7,734.82,1.671
2,sleep,lie,933.83,92.312,64.251,55.279,84.081,46.158,23.438,373,3400.7,2007,590.61,3.398
2,sleep,lie,929.16,98.379,64.575,55.679,86.232,53.479,25.466,426,8103.7,2257.1,1326.2,1.702
2,sleep,lie,972.53,107.38,61.695,52.567,85.69,55.5,25.733,437,11462,4306.7,963.19,4.471
2,sleep,lie,953.59,149.13,62.92,48.749,95.117,61.04,24.841,599,7799.1,1475.2,771.15,1.913
2,sleep,lie,852.59,99.052,70.374,55.659,92.937,37.115,14,407,5622,1708.3,464.22,3.680
2,sleep,lie,896.49,106.74,66.928,53.286,90.854,40.606,18.318,471,6075.6,1807.1,323.11,5.593
2,sleep,lie,950.68,112.1,63.112,52.919,91.269,60.26,25.714,445,3304.7,4232,781.14,5.418
2,sleep,lie,1037.1,76.497,57.852,53.173,74.757,53.138,35.64,359,1346,1103.9,1040.3,1.061
2,sleep,lie,1076.4,49.754,55.744,52.029,59.701,59.004,47.292,246,701.06,486.61,1201,0.405
2,sleep,lie,1083.7,53.059,55.368,51.361,59.916,62.134,51.087,242,784.78,351.18,1427.2,0.246
2,sleep,lie,1084.7,51.819,55.315,51.326,61.463,57.336,41.091,233,934.01,742.31,882.87,0.841
2,sleep,lie,994.01,124.32,60.362,46.246,88.757,61.298,23.667,532,5398.4,4286.3,1086.9,3.944
2,sleep,lie,999.47,100.11,60.032,49.06,83.589,53.424,21.333,477,1877.6,1406.7,522.99,2.690
2,sleep,lie,1045.9,80.513,57.364,48.82,72.012,56.382,33.566,427,2615.6,2357.6,984.01,2.396
2,sleep,lie,1029.4,135.3,58.289,43.605,84.222,67.715,26.804,653,15571,1864.2,942.85,1.977
2,sleep,lie,1036.7,122.88,57.874,49.415,76.943,94.623,50,498,2959.2,6837.4,2609.9,2.620
2,sleep,lie,1029.8,94.084,58.264,49.44,71.753,80.248,34.828,417,2252.7,3344.1,2068.3,1.617
2,sleep,lie,1032.6,118.03,58.105,48.473,78.145,86.435,44.983,512,5078.1,5873.1,2662,2.206
2,sleep,lie,924.23,136.41,64.919,51.458,86.931,61.432,25.617,692,18418,3246.2,811.34,4.001
2,sleep,lie,1011.1,114.43,59.341,50.667,82.873,50.477,26.102,500,3685.5,2322.6,680.37,3.414
2,sleep,lie,986.41,84.348,60.826,52.715,76.726,42.961,16.832,395,4699.7,1213.1,617.98,1.963
2,sleep,lie,998.09,147.54,60.115,46.758,86.108,83.154,32.333,617,16463,6376.7,2135.1,2.987
2,sleep,lie,1068.1,154.97,56.172,44.359,89.633,71.847,39.427,665,10588,4876.5,1506.1,3.238
2,sleep,lie,1044.4,82.365,57.451,49.768,68.135,52.295,27.875,405,3955.8,1626.6,906.82,1.794
2,sleep,lie,1001.5,132.31,59.908,48.552,83.218,63.533,28.523,614,9138.1,1691.2,959.11,1.763
2,sleep,lie,1097.9,161.12,54.65,43.19,85.69,103.94,52.768,694,9256.4,1901,3862.3,0.492
2,sleep,lie,1133.5,74.221,52.932,46.838,60.496,67.414,44.106,352,3291.2,866.3,1100,0.788
2,sleep,lie,1135.4,85.316,52.847,47.695,68.587,60.665,40.304,360,1460.6,703.93,1010.7,0.696
2,sleep,lie,1134.8,56.378,52.871,48.015,60.976,49.659,31.559,288,1006,524.16,623.65,0.840
2,sleep,lie,1128.1,52.842,53.185,48.286,59.102,47.783,27.547,285,1740.8,805.35,744.34,1.082
2,sleep,lie,1118.6,51.048,53.64,48.411,58.117,48.511,28.464,244,877.84,560.07,708.72,0.790
2,sleep,lie,1115.3,50.756,53.799,50.285,59.618,51.155,34.328,253,1041.6,591.32,833.94,0.709
2,sleep,lie,1039.8,121.12,57.705,49.464,87.489,47.977,28.223,446,15037,791.06,702.33,1.126
2,sleep,lie,996.94,59.292,60.184,54.23,76.864,33.457,13.667,289,546.28,372.85,452.92,0.823
2,sleep,lie,996.83,85.823,60.191,53.505,81.081,45.301,22,347,4168.6,2305.1,847.29,2.721
2,sleep,lie,1030.8,62.794,58.205,51.733,75.358,41.305,23.793,312,1710.1,740.46,782.69,0.946
2,sleep,lie,989.43,119.74,60.641,51.822,94.817,55.237,26.159,528,2131.3,913.09,809.03,1.129
2,sleep,lie,1070.3,95.069,56.058,47.596,71.942,67.394,41.577,466,4796.7,2172.2,915.2,2.373
2,sleep,lie,1022.3,147,58.694,46.055,85.812,83.024,38.225,688,9788.4,3350.8,1648.3,2.033