user,activity,posture,AVGNN,SDNN,MeanHR,STD HR,MinHR,MaxHR,RMSSD,NNxx,pNNxx,triangularindex,TINN,powerVLF,powerLF,powerHF,ratioHFLF
2,eat,sit,814.64,108.33,73.653,10.066,59.761,96.339,61.586,70,19.074,21.647,564,33.333,73.333,16.667,2.0925
2,eat,sit,714.23,73.443,84.007,8.6157,66.138,101.83,31.246,34,8.1146,16.154,370,33.333,40,23,1.8059
2,eat,sit,815.13,60.382,73.608,5.7661,65.048,90.361,35.418,42,11.444,16,284,10,53.333,30,1.0665
2,eat,sit,706.42,67.851,84.936,7.5622,66.652,97.752,28.173,22,5.2009,14.133,294,20,11.667,18.333,1.2639
2,eat,sit,648.75,44.64,92.486,6.4616,77.459,110.86,18.445,10,2.1692,10.744,209,33.333,43.333,23,3.9426
2,eat,sit,729.71,79.375,82.224,8.434,62.67,98.814,43.287,67,16.341,17.87,397,33.333,10.667,21,99.989
2,eat,sit,755.84,90.071,79.382,9.8913,62.735,105.34,46.061,75,18.939,18.905,443,10,96.667,24.667,60.253
2,eat,sit,928.71,88.722,64.606,6.9453,56.593,87.007,57.224,90,27.95,12.92,370,10,56.667,27,1.9177
2,eat,sit,954.64,65.622,62.851,4.8408,57.471,82.759,49.719,90,28.754,14.273,340,33.333,40,31.667,1.3642
2,eat,sit,961.72,80.812,62.388,5.9016,54.377,89.686,56.089,108,34.839,16.368,399,16.667,11.667,16.333,70.933
2,eat,sit,729.52,55.914,82.246,6.1986,60.68,102.81,30.271,25,6.0976,12.088,343,66.667,11.333,15.333,1.2824
2,eat,sit,709.23,77.477,84.599,9.6315,67.781,111.77,22.834,17,4.0284,17.625,366,33.333,76.667,15,5.6071
2,eat,sit,779.78,64.929,76.945,6.1009,62.5,87.387,27.122,27,7.0313,12.833,257,33.333,50,24.667,1.8145
2,eat,sit,672.71,65.091,89.192,8.5667,68.571,113.64,31.942,16,3.5955,15.929,364,16.667,56.667,15,5.645
2,eat,sit,645.87,56.932,92.898,8.2912,78.003,115.43,19.389,12,2.5918,12.889,252,66.667,60,18,5.1915
2,eat,sit,639.32,48.146,93.85,6.8564,73.983,112.87,20.657,12,2.5696,10.636,237,33.333,93.333,16.333,2.9775
2,eat,sit,814.98,96.965,73.621,8.1391,56.296,88.836,52.911,98,26.703,16,413,23.333,40,15.667,1.507
2,eat,sit,782.43,61.753,76.684,5.674,62.099,86.133,38.83,55,14.398,13.207,312,20,13,15,1.1854
2,eat,sit,790.55,77.035,75.896,6.6699,58.605,87.796,33.576,35,9.2593,13.536,295,23.333,11.333,22.333,2.5008
2,eat,sit,740.46,49.787,81.031,5.553,68.446,97.245,22.812,16,3.9604,10.658,236,66.667,83.333,15.667,3.6441
2,eat,sit,749.44,45.092,80.06,4.5884,68.729,89.419,24.876,11,2.7569,10.256,257,33.333,86.667,27.667,1.3103
2,eat,sit,744.81,57.76,80.557,6.2026,65.232,93.926,36.137,47,11.721,13.4,275,20,86.667,17.667,1.8602
2,eat,sit,717.53,89.263,83.62,10.052,64.103,102.77,27.997,31,7.4341,15.481,339,33.333,86.667,26.667,3.1464
2,eat,sit,745.8,71.459,80.451,7.4572,65.833,95.633,46.966,72,17.955,14.889,338,0,73.333,15,2.5033
2,eat,sit,714.92,32.898,83.926,3.8063,72.446,94.103,20.702,9,2.1531,8.9149,219,16.667,60,16.667,1.541
2,eat,sit,697.43,54.624,86.03,6.533,69.364,101.73,20.739,12,2.7972,11.316,294,23.333,40,20.333,1.9298
2,eat,sit,714.84,31.282,83.935,3.6313,76.007,91.324,17.483,2,47.733,9.5455,165,23.333,90,23.333,1.7936
2,eat,sit,794.65,103.77,75.505,10.745,62.461,102.53,37.294,57,15.119,17.182,408,33.333,40,22.667,1.9617
2,eat,sit,800.46,85.375,74.957,8.61,63.078,95.877,36.044,56,14.973,17.857,359,10,46.667,29.667,5.4758
2,eat,sit,848.14,85.266,70.743,7.7056,60.484,93.691,39.525,66,18.75,16.045,367,33.333,60,22.667,1.5419
2,eat,sit,699.66,55.848,85.756,6.7536,72.446,101.97,24.842,22,5.1522,10.974,229,33.333,40,25.333,2.9708
2,eat,sit,670.44,31.419,89.494,4.086,78.39,97.182,15.953,1,22.422,8.94,153,16.667,93.333,18.667,1.5637
2,eat,sit,656.87,29.612,91.342,4.0409,80.085,100.47,14.284,6,1.3187,7.2381,145,20,73.333,16,2.9271
2,eat,sit,721.95,63.367,83.108,7.1955,66.489,96.618,29.26,37,8.9372,13.387,271,33.333,11.333,16.333,1.7508
2,eat,sit,681.76,34.444,88.007,4.4371,79.031,99.734,20.855,7,1.5909,9.587,164,16.667,11.333,19,61.704
2,eat,sit,667.91,36.373,89.833,4.803,80.278,101.25,19.975,14,3.125,9.7609,181,13.333,10.667,15.333,2.3778
2,focused-active,sit,867.73,88.458,69.146,7.3223,57.361,88.679,58.73,100,29.07,20.294,407,10,43.333,30.333,1.6242
2,focused-active,sit,896.25,74.172,66.945,6.8714,59.892,87.093,59.488,101,30.149,12.444,458,23.333,90,23.667,98.361
2,focused-active,sit,906.64,57.006,66.178,4.4152,60.533,80.407,49.855,104,31.515,11.414,294,16.667,46.667,18.333,64.672
2,focused-active,sit,895.52,55.546,67,4.4332,58.662,82.372,45.773,81,24.324,12.846,287,23.333,96.667,28.667,98.991
2,focused-active,sit,881.48,66.812,68.068,5.4212,58.662,83.893,59.724,107,31.563,14.783,325,33.333,12.333,29.333,1.2328
2,focused-active,sit,859.53,72.782,69.806,6.2016,56.904,85.155,60.374,94,27.011,14.542,424,10,14.667,29.667,1.3901
2,focused-active,sit,819.16,69.521,73.246,6.3927,63.776,89.445,47.757,97,26.575,18.3,362,33.333,40,28.333,87.693
2,focused-active,sit,811.42,66.908,73.945,6.1686,63.857,91.94,52.633,121,32.791,16.087,324,66.667,12,17,1.2848
2,focused-active,sit,819.22,74.28,73.24,6.7222,60.753,93.809,47.101,74,20.274,14.64,342,33.333,13.667,16.333,1.2587
2,focused-active,sit,844.62,79.564,71.038,7.1401,60.338,92.966,48.326,94,26.554,17.75,383,66.667,53.333,24.667,1.1262
2,focused-active,sit,822.65,74.547,72.935,6.9134,62.696,90.58,51.564,84,23.077,16.591,327,66.667,11,18,1.5276
2,focused-active,sit,810.36,109.8,74.041,11.518,61.362,108.62,55.393,90,24.39,20.556,485,66.667,10.333,17,1.3983
2,focused-active,sit,810.98,103.95,73.985,10.832,62.971,105.78,49.884,96,26.016,16.818,411,33.333,14.333,19.667,96.655
2,focused-active,sit,827.74,143.75,72.486,14.059,54.575,110.86,64.273,125,34.53,27.923,732,16.667,13,15,1.5345
2,focused-active,sit,886.8,91.043,67.659,7.3685,57.219,87.032,56.076,106,31.454,19.882,442,23.333,12.333,18,1.9968
2,focused-active,sit,850.82,129.66,70.52,12.374,55.793,103.31,58.396,92,26.136,22.063,524,66.667,56.667,17,1.3341
2,focused-active,sit,847.69,105.41,70.781,9.9363,58.525,97.245,39.171,71,20.113,16.857,404,10,40,16,1.616
2,focused-active,sit,887.83,87.583,67.58,7.7151,59.335,97.624,51.02,88,26.113,16.095,403,33.333,12.333,27.667,83.17
2,focused-active,sit,856.7,66.968,70.036,5.4713,57.893,82.69,40.859,66,18.911,16.667,325,20,66.667,27.667,2.2005
2,focused-active,sit,856.9,97.296,70.02,8.5974,57.904,94.967,47.135,102,29.226,26.923,469,33.333,10.667,30.333,88.199
2,focused-active,sit,841.73,74.605,71.281,6.4455,59.078,87.873,49.95,103,29.014,16.182,355,13.333,90,31.333,1.1601
2,focused-active,sit,782.23,56.105,76.704,5.8715,69.268,93.458,31.239,41,10.733,11.265,235,10,53.333,33,1.183
2,focused-active,sit,783.65,91.302,76.565,10.38,61.894,103.53,45.082,57,15,20.053,530,33.333,46.667,21.333,2.3731
2,focused-active,sit,733.8,110.91,81.766,13.119,63.627,113.85,41.874,78,19.118,24.059,561,33.333,40,15.333,1.23
2,focused-active,sit,792.11,56.184,75.747,5.6461,64.739,92.053,33.051,41,10.875,11.118,252,10,86.667,18.667,3.9958
2,focused-active,sit,783.26,49.332,76.603,4.9273,67.31,89.339,27.831,27,7.0681,14.185,241,66.667,40,21.333,2.7262
2,focused-active,sit,735.45,91.515,81.582,11.24,65.588,112.95,35.669,49,12.039,16.32,384,26.667,43.333,19,4.5115
2,focused-active,sit,889.05,80.213,67.488,6.877,59.488,94.787,59.683,116,34.524,17.737,364,33.333,10,25.333,1.0906
2,focused-active,sit,792.11,56.184,75.747,5.6461,64.739,92.053,33.051,41,10.875,11.118,252,10,86.667,18.667,3.9958
2,focused-active,sit,783.26,49.332,76.603,4.9273,67.31,89.339,27.831,27,7.0681,14.185,241,66.667,40,21.333,2.7262
2,focused-active,sit,735.45,91.515,81.582,11.24,65.588,112.95,35.669,49,12.039,16.32,384,26.667,43.333,19,4.5115
2,focused-active,sit,889.05,80.213,67.488,6.877,59.488,94.787,59.683,116,34.524,17.737,364,33.333,10,25.333,1.0906
2,focused-active,sit,806.08,66.245,74.434,6.2867,65.474,92.593,47.424,88,23.656,16.955,314,23.333,76.667,15,1.9098
2,focused-active,sit,798.06,60.162,75.182,5.9843,66.007,92.251,36.562,52,13.904,15.625,285,23.333,10,33.667,1.7192
2,focused-active,sit,795.43,59.023,75.431,6.0584,65.847,97.688,29.768,36,9.5745,13.464,273,33.333,10.333,31.333,2.2713
2,focused-active,sit,798.23,59.7,75.166,6.0651,67.446,97.213,33.386,37,9.8667,9.8947,253,33.333,11.333,31.667,1.389
2,focused-active,sit,767.8,71.908,78.145,7.5748,65.818,100.7,27.934,31,7.9692,13.929,332,33.333,50,15.333,3.1833
2,focused-active,sit,748.61,40.022,80.149,4.3591,70.572,94.103,21.196,7,1.7544,10.256,212,20,10.667,16,2.6488
2,focused-active,sit,822.61,66.359,72.939,6.4807,63.358,98.425,35.578,46,12.672,16.545,324,16.667,53.333,15,1.387
2,focused-active,sit,806.85,69.949,74.363,6.4193,61,90.772,36.474,43,11.59,13.286,323,20,50,31.333,2.0599
2,focused-active,stand,674.8,36.115,88.916,4.6138,76.22,99.701,17.238,3,67.72,9.4468,192,10,43.333,15,3.7489
2,focused-active,stand,706.72,65.64,84.899,7.4035,62.279,100.17,23.147,16,3.7825,12.114,333,13.333,46.667,15.333,14.269
2,focused-active,stand,694.34,54.322,86.413,6.6626,72.622,100.74,22.212,17,3.9443,15.429,278,33.333,40,15,3.6979
2,focused-passive,sit,592.59,37.714,101.25,6.4834,89.713,117.51,15.367,6,1.1881,9.9216,186,66.667,43.333,24.667,3.8341
2,focused-passive,sit,634.34,41.368,94.586,6.1999,80.021,106.99,10.672,2,42.373,10.511,184,33.333,40,16,3.1045
2,focused-passive,sit,645.55,38.646,92.945,5.6639,81.967,107.53,11.386,1,21.552,9.6875,178,66.667,11,16.333,17.064
2,focused-passive,sit,664.17,54.585,90.338,7.8,74.59,112.57,15.292,4,88.889,13.265,249,16.667,43.333,24.333,8.1268
2,focused-passive,sit,673.78,46.035,89.05,6.3663,74.664,113.08,19.02,12,2.7027,10.114,283,36.667,43.333,16.333,4.8406
2,focused-passive,sit,689.69,41.297,86.996,5.3684,75.624,106.35,15.925,5,1.1521,10.357,210,66.667,40,16,6.1986
2,focused-passive,sit,696.81,57.378,86.107,7.4179,73.547,106.76,17.59,7,1.6317,10.238,248,16.667,96.667,15.333,7.0646
2,focused-passive,sit,704.15,50.346,85.209,6.4138,73.983,104.28,20.112,10,2.3529,11.833,228,16.667,43.333,17.333,3.8228
2,focused-passive,sit,727.83,46.88,82.437,5.5055,70.061,103.2,21.572,12,2.9197,10.842,277,10,53.333,16.667,6.4095
2,focused-passive,sit,727.01,55.065,82.53,6.6634,70.439,106.12,19.862,10,2.4331,10.564,261,20,40,15.333,4.7394
2,focused-passive,sit,722.25,66.06,83.073,8.2092,67.476,109.73,25.985,16,3.8647,15.962,355,30,83.333,15.333,8.6638
2,focused-passive,sit,711.16,68.333,84.369,8.2967,68.871,107.72,33.274,27,6.4133,12.788,340,33.333,63.333,17.667,4.8991
2,focused-passive,sit,715.54,79.429,83.852,9.5824,68.182,105.75,31.892,36,8.6124,19.045,414,13.333,43.333,15.333,6.209
2,focused-passive,sit,758.08,62.078,79.147,6.8274,66.726,105.23,32.241,27,6.8354,15.231,325,66.667,40,17.333,2.0164
2,focused-passive,sit,728.25,71.213,82.39,8.1366,68.462,106.04,31.964,29,7.056,19.619,384,13.333,76.667,17.667,4.2189
2,focused-passive,sit,742.93,89.412,80.762,13.582,67.234,145.94,45.453,50,12.987,14.846,555,33.333,80,18.333,4.4886
2,focused-passive,sit,672.58,95.861,89.208,12.416,66.342,117.65,19.066,11,2.4775,15.345,355,33.333,50,16,5.4356
2,focused-passive,sit,804.24,72.129,74.604,6.9219,64.837,91.269,34.526,42,11.29,19.632,386,33.333,10,17,2.9327
2,focused-passive,sit,781.26,77.09,76.799,7.8356,64.865,95.663,32.985,41,10.705,20.211,387,33.333,40,17.333,2.7126
2,focused-passive,sit,761,59.607,78.843,6.3113,68.792,94.937,27.502,24,6.1069,15.76,268,10,90,26.333,2.22
2,focused-passive,sit,712.44,64.652,84.218,7.5186,70.472,101.59,29.8,32,7.619,13.156,297,33.333,10,15.333,2.8397
2,focused-passive,sit,749.61,59.956,80.042,6.5701,70.028,97.561,32.086,38,9.5,14.852,258,33.333,90,17,2.1773
2,focused-passive,sit,735.71,57.369,81.554,6.4559,70.588,98.782,32.354,46,11.302,13.6,258,30,40,18.667,2.0509
2,focused-passive,sit,767.83,66.968,78.143,7.1067,67.858,94.787,39.374,65,16.71,16.957,346,66.667,46.667,19.333,1.2772
2,focused-passive,sit,765.95,66.346,78.334,7.1511,65.804,101.35,38.266,45,11.509,15.077,372,66.667,53.333,21,1.1607
2,focused-passive,sit,758.79,54.604,79.074,5.8201,68.823,93.371,33.435,41,10.406,13.621,261,26.667,13.333,15.333,1.8537
2,focused-passive,sit,775.67,62.178,77.352,6.3482,67.522,93.139,40.345,69,17.922,14.846,270,10,11.667,15,1.7982
2,focused-passive,sit,743.79,71.578,80.668,7.83,64.13,101.83,37.752,45,11.194,18.318,377,20,86.667,18.333,1.8934
2,focused-passive,sit,744.21,55.222,80.622,6.1967,68.681,97.466,32.098,29,7.2139,11.853,260,33.333,86.667,25.333,2.899
2,focused-passive,sit,931.6,81.674,64.405,6.7006,54.113,96.712,42.247,62,19.375,11.069,406,23.333,83.333,25,98.067
2,focused-passive,sit,655.77,95.78,91.495,11.109,62.487,113.12,26.523,18,3.9387,11.744,349,33.333,70,19.333,4.1211
2,focused-passive,sit,885.29,80.676,67.775,6.6565,58.962,88.522,59.176,102,30.267,16.9,465,66.667,11,15,1.5275
2,focused-passive,sit,797.24,118.57,75.26,11.948,59.583,102.81,52.426,80,21.333,26.857,644,33.333,83.333,19.333,2.8104
2,focused-passive,sit,884.66,88.165,67.823,6.9492,56.872,83.589,56.86,101,29.882,16.95,435,33.333,60,15.333,2.8644
2,focused-passive,sit,862.15,84.07,69.594,7.3799,58.881,96.494,45.984,79,22.832,18.263,393,20,11.667,20,3.1021
2,focused-passive,sit,810.74,112.94,74.006,11.561,57.826,101.87,36.615,57,15.405,15.458,467,33.333,70,25.333,3.7528
2,focused-passive,sit,864.81,112.02,69.38,10.987,59.172,103.59,48.068,71,20.52,18.263,406,33.333,73.333,23.333,1.3633
2,focused-passive,sit,931.6,81.674,64.405,6.7006,54.113,96.712,42.247,62,19.375,11.069,406,23.333,83.333,25,98.067
2,focused-passive,sit,655.77,95.78,91.495,11.109,62.487,113.12,26.523,18,3.9387,11.744,349,33.333,70,19.333,4.1211
2,focused-passive,sit,679.23,32.256,88.335,4.3832,81.389,103.52,13.881,3,68.182,6.6818,147,33.333,46.667,26.667,2.0401
2,household-chores,stand,632.9,36.669,94.801,5.4981,82.282,110.17,12.829,1,21.142,9.875,180,26.667,90,15.667,5.0838
2,household-chores,stand,590.96,31.872,101.53,5.5276,90.799,113.98,8.3355,0,0,7.697,136,13.333,50,17.667,5.5841
2,household-chores,stand,647.36,46.556,92.684,6.1613,70.588,105.56,17.909,6,1.2959,9.6667,274,33.333,73.333,15,4.7219
2,household-chores,stand,633.87,44.353,94.657,6.5016,78.023,109.41,15.474,3,63.425,10.533,207,33.333,90,16,8.4432
2,household-chores,stand,802.4,82.766,74.776,8.468,63.158,98.912,46.232,71,19.035,14.96,370,20,40,32,45.185
2,household-chores,stand,854.65,60.755,70.204,4.9988,61.287,85.911,54.537,117,33.429,12.536,308,13.333,60,34.667,1.3269
2,household-chores,stand,866.73,60.417,69.225,4.827,60.753,83.333,57.301,112,32.464,13.308,316,30,43.333,31,73.957
2,household-chores,sit,831.54,59.768,72.155,5.3648,63.898,89.1,41.137,58,16.156,13.333,336,23.333,11,30.667,1.2132
2,household-chores,sit,783.85,65.905,76.545,6.6149,67.129,94.697,53.529,78,20.419,15.32,309,66.667,12.333,15.333,1.1659
2,household-chores,sit,780.94,75.089,76.83,7.4656,63.506,96.061,58.346,79,20.627,19.2,395,26.667,90,15.667,1.6271
2,household-chores,stand,581.87,60.201,103.12,9.8865,72.272,122.4,18.449,13,2.5292,10.957,317,33.333,10,15,6.9373
2,household-chores,stand,574.87,49.838,104.37,7.6198,69.865,120.19,21.203,9,1.7308,8.4032,330,20,46.667,18.333,8.7953
2,household-chores,stand,591.07,27.089,101.51,4.5826,88.784,113.72,11.328,1,19.724,6.4304,130,10,83.333,15,6.6065
2,household-chores,stand,646.49,34.71,92.809,4.8735,78.329,104.53,15.332,2,43.197,8.9231,201,16.667,11,16,3.2472
2,household-chores,stand,616.14,32.18,97.381,5.0445,86.182,108.5,16.07,8,1.6461,10.362,187,33.333,10.333,16.667,5.5804
2,household-chores,stand,592.84,33.641,101.21,5.6022,87.515,114.03,15.612,4,79.208,10.542,188,23.333,83.333,16.333,3.7801
2,household-chores,stand,591.26,39.267,101.48,6.6014,84.246,117.65,13.898,3,59.406,9.5472,197,26.667,80,16.333,4.4273
2,household-chores,stand,585.89,44.151,102.41,7.3913,84.412,118.95,17.132,11,2.1569,12.775,211,13.333,93.333,17,3.0536
2,household-chores,stand,583.12,38.147,102.9,6.6006,88.863,118.58,13.92,5,97.466,10.28,179,40,43.333,17.333,6.382
2,household-chores,stand,620.54,44.163,96.69,6.7456,81.323,113.34,18.122,11,2.2774,11.805,220,33.333,70,15,5.878
2,household-chores,stand,629.07,38.088,95.379,5.8135,84.222,110.33,15.947,4,84.034,10.841,173,66.667,96.667,15.333,3.7978
2,household-chores,stand,609.21,38.809,98.488,5.8287,74.608,111.44,16.136,7,1.4257,8.4828,253,26.667,83.333,15.667,4.0841
2,household-chores,stand,597.04,35.842,100.5,5.8409,82.645,113.68,13.239,2,39.92,9.4717,193,16.667,10,16,7.5769
2,household-chores,stand,581.44,24.674,103.19,4.3468,90.58,114.37,10.307,1,19.417,7.5882,144,36.667,40,15,3.2349
2,household-chores,stand,587.71,36.973,102.09,6.1681,85.886,115.21,14.045,5,98.232,10.851,174,23.333,90,17.667,8.5442
2,household-chores,stand,616.64,73.788,97.301,14.702,67.522,159.4,37.612,23,4.7619,12.737,482,33.333,40,17,1.3884
2,household-chores,stand,633.84,31.254,94.661,4.5576,83.426,105.23,15.173,2,42.373,8.0169,157,36.667,40,15.333,3.4036
2,household-chores,stand,788.95,102.51,76.05,10.268,56.668,96.401,48.237,58,15.303,17.273,521,0,11,25.333,1.1822
2,household-chores,stand,796.62,70.948,75.318,7.4166,64.048,98.767,44.39,72,19.251,18.75,454,10,12,15,2.3291
2,household-chores,stand,759.26,67.915,79.024,7.0168,65.992,92.621,32.094,44,11.168,17.955,316,26.667,83.333,18.667,4.9246
2,household-chores,stand,759.7,59.582,78.979,5.9945,64.157,90.552,34.607,52,13.198,14.107,266,26.667,90,18,3.0666
2,household-chores,stand,751.82,55.602,79.807,5.7507,65.232,92.879,32.109,41,10.302,11.083,282,10,11.333,18.667,3.5264
2,household-chores,stand,769.71,64.639,77.952,6.4544,63.452,91.241,25.938,23,5.9126,14.444,331,66.667,46.667,20,3.9286
2,household-chores,stand,772.83,64.925,77.636,6.9136,65.934,97.434,27.009,33,8.5052,14.962,301,13.333,80,16,5.4107
2,household-chores,stand,770.28,62.324,77.894,6.3253,65.92,92.879,31.019,33,8.5052,14.407,273,33.333,76.667,15,2.8423
2,household-chores,stand,756.53,70.434,79.31,7.5784,67.492,94.518,33.72,39,9.8485,18.045,340,33.333,43.333,15,2.2045
2,household-chores,stand,730.39,49.211,82.148,5.4444,70.855,92.194,25.581,26,6.3415,11.108,225,23.333,66.667,15.667,3.5311
2,household-chores,stand,681.53,43.435,88.037,5.5988,75.301,100,20.888,11,2.5057,11.579,227,33.333,40,16.667,2.4165
2,household-chores,stand,695.81,81.292,86.231,9.8752,67.735,106.8,24.749,28,6.5116,17.24,330,33.333,60,17.333,5.1449
2,household-chores,stand,723.87,52.161,82.887,5.896,69.865,93.4,29.301,29,7.0218,13.8,231,23.333,80,15,1.9354
2,household-chores,stand,688.5,61.671,87.147,7.5446,68.95,101.08,21.113,19,4.3678,15.034,296,10,46.667,19.333,8.1343
2,household-chores,stand,652.66,53.623,91.931,7.2992,76.22,106.27,19.561,15,3.268,10,218,33.333,96.667,15.333,8.8992
2,household-chores,stand,660.06,48.322,90.902,6.5607,74.59,108.19,18.522,6,1.3245,10.089,216,10,76.667,17.667,3.3452
2,leisure-passive,sit,823.22,77.332,72.884,7.3007,63.385,92.138,47.651,77,21.212,16.545,348,23.333,43.333,31.333,1.416
2,leisure-passive,sit,839.2,58.347,71.497,5.2691,64.655,90.744,52.566,129,36.134,13.259,301,16.667,12,33.667,72.016
2,leisure-passive,sit,834.01,68.865,71.942,6.2575,62.854,91.408,42.819,73,20.334,16.364,336,33.333,40,31,1.3707
2,leisure-passive,sit,798.71,57.569,75.121,5.7234,64.935,95.147,39.59,74,19.786,12.5,277,20,56.667,31.667,81.466
2,leisure-passive,sit,807.64,76.322,74.29,7.4722,63.304,100,38.589,70,18.817,17.762,367,66.667,40,30,1.4866
2,leisure-passive,sit,848.93,51.385,70.678,4.3606,63.506,81.699,27.74,20,5.6818,9.5405,209,20,12.667,30.667,1.4618
2,leisure-passive,sit,755.76,72.796,79.391,8.1424,68.571,102.04,31.835,34,8.6076,18,311,13.333,40,31.667,1.5261
2,leisure-passive,sit,799.54,71.707,75.043,7.2985,65.905,98.135,37.812,63,16.845,15,311,30,50,29.667,3.4225
2,leisure-passive,sit,802.29,109.66,74.786,15.159,63.952,148.18,42.232,45,12.129,16.909,540,23.333,50,15.667,2.1381
2,leisure-passive,sit,761.21,92.847,78.822,10.709,66.123,105.6,43.236,53,13.486,24.625,487,10,43.333,15.667,3.0512
2,leisure-passive,sit,727.17,76.295,82.511,9.5072,68.353,112.78,32.767,37,9.2024,17.913,361,16.667,46.667,16,2.9779
2,leisure-passive,sit,784.11,94.274,76.52,11.4,62.801,117.83,32.743,33,8.6614,14.148,372,10,50,15.333,8.2471
2,leisure-passive,sit,801.91,70.116,74.821,7.2382,64.795,100.23,35.083,40,10.724,12.467,303,66.667,43.333,17.667,1.8762
2,leisure-passive,sit,775.67,114.85,77.352,13.025,63.871,112.39,52.844,92,23.896,22.706,523,66.667,53.333,16.667,1.8735
2,leisure-passive,sit,847.19,93.679,70.822,9.133,61.025,97.975,39.318,41,11.681,16,364,66.667,83.333,16.333,2.9991
2,leisure-passive,sit,781.31,149.8,76.794,17.64,61.112,125.37,41.829,64,16.667,19.25,511,33.333,11.333,16,2.2138
2,leisure-passive,sit,848.88,104.99,70.681,9.5217,60.084,94.103,48.544,66,18.75,22.063,484,33.333,60,15,2.5683
2,leisure-passive,sit,901.79,80.282,66.534,6.9387,58.731,95.847,41.889,52,15.663,15.136,372,33.333,40,24.667,1.8329
2,leisure-passive,sit,890.6,109.45,67.37,9.5525,55.107,93.926,49.734,69,20.536,18.722,422,16.667,40,24.667,1.4209
2,leisure-passive,sit,711.34,73.435,84.348,8.0308,63.198,101.9,31.628,21,4.9881,13.613,368,33.333,10,15,6.1116
2,leisure-passive,sit,805.65,136.97,74.474,13.29,58.027,102.08,56.465,84,22.642,26.571,546,33.333,10,28.333,75.024
2,leisure-passive,sit,719.76,68.88,83.361,7.3136,64.516,96.556,27.696,29,6.9712,13.9,304,33.333,86.667,15,3.1153
2,leisure-passive,sit,704.72,45.691,85.141,5.277,72.516,95.694,27.171,30,7.0755,8.5,215,26.667,13.333,16.333,1.1135
2,leisure-passive,sit,651.34,45.325,92.118,6.444,77.6,106.12,15.793,4,86.957,11.244,224,10,40,22.667,1.4052
2,leisure-passive,lie,772.04,73.917,77.716,8.99,66.181,105.3,43.532,23,6.0209,10.943,411,16.667,40,24.667,7.3279
2,leisure-passive,lie,813.76,65.276,73.732,6.4754,63.911,96.494,27.457,16,4.3478,14.192,303,20,40,31.333,3.0544
2,leisure-passive,lie,823.4,47.463,72.869,4.2228,63.843,81.855,35.895,53,14.601,12.552,219,20,66.667,34.333,94.407
2,leisure-passive,lie,784.98,70.136,76.435,7.2235,67.476,94.31,47.255,83,21.728,15.958,324,23.333,93.333,27,2.0547
2,leisure-passive,lie,753.15,107.23,79.665,12.887,62.696,106.8,51.775,31,7.8086,26.533,791,20,66.667,18.333,3.4977
2,leisure-passive,lie,836.93,58.748,71.691,5.4449,64.116,93.197,21.895,7,1.9608,12.345,272,20,70,29.333,3.4775
2,leisure-passive,lie,885.5,46.741,67.758,3.6361,61.614,77.58,27.421,20,5.9172,10.594,205,20,43.333,26.667,1.405
2,leisure-passive,lie,902.12,76.772,66.51,6.4861,58.106,93.052,37.432,52,15.71,15.091,346,20,46.667,28.667,1.7327
2,leisure-passive,lie,955.71,45.448,62.781,3.04,57.826,70.291,35.325,46,14.696,10.467,214,36.667,40,29,89.101
2,leisure-passive,lie,970.98,39.553,61.793,2.5147,56.668,66.89,30.193,22,7.1429,11.444,192,23.333,60,29.333,1.5594
2,leisure-passive,sit,756.52,86.668,79.311,8.9014,63.843,97.688,32.175,45,11.392,17.217,360,66.667,10.333,19,4.2902
2,leisure-passive,sit,728.1,44.009,82.406,5.5624,73.873,102.08,35.674,30,7.2993,9.5814,316,40,40,27,1.4005
2,leisure-passive,sit,716.52,69.499,83.738,8.999,72.71,114.37,25.536,21,5.0239,16.115,284,33.333,43.333,22.667,2.9088
2,leisure-passive,sit,661.32,42.726,90.728,5.7669,76.492,104.42,20.74,14,3.0905,10.318,199,33.333,10,15,4.1036
2,leisure-passive,sit,735.75,67.378,81.549,7.4134,65.531,100.84,37.075,61,15.025,15.654,349,23.333,46.667,37.333,2.0812
2,leisure-passive,sit,699.94,97.441,85.722,12.605,67.507,110.91,23.812,22,5.1522,18.609,395,33.333,60,15.667,3.5186
2,leisure-passive,sit,723.81,101.64,82.894,12.627,67.628,111.61,43.34,64,15.459,20.75,474,33.333,14,18.667,1.4349
2,leisure-passive,sit,759.5,45.169,78.999,4.7209,71.497,91.631,29.484,27,6.8528,11.618,210,10,10,33.333,2.1707
2,leisure-passive,sit,727.07,43.415,82.523,5.521,74.239,102.08,34.477,23,5.5825,9.8333,308,16.667,90,16.333,1.8033
2,leisure-passive,sit,737.45,47.069,81.361,5.4218,72.71,97.72,24.485,24,5.9113,11.629,221,13.333,40,15,1.9077
2,leisure-passive,sit,665.82,59.81,90.114,8.1083,73.638,114.37,24.883,18,4,14.548,275,33.333,96.667,15,6.1224
2,leisure-passive,sit,698.92,60.259,85.847,7.0693,65.531,100.84,31.953,40,9.3677,15.286,338,30,53.333,17.333,4.9524
2,leisure-passive,sit,760.7,73.382,78.875,8.7138,66.342,110.54,30.3,42,10.687,12.313,335,33.333,43.333,23.667,1.0733
2,leisure-passive,sit,660.92,90.515,90.782,12.038,71.225,111.61,34.583,33,7.2848,12.27,412,33.333,40,16.667,2.1323
2,leisure-passive,sit,779.94,52.533,76.929,5.1782,67.628,88.235,36.6,51,13.281,12.833,234,33.333,93.333,16,1.2312
2,movement,stand,530.91,25.089,113.01,5.5023,101.97,126.65,12.969,5,89.445,6.5882,150,10,86.667,19.333,1.5864
2,movement,stand,535.7,21.473,112,4.4036,98.879,123.2,6.0121,0,0,5.7143,101,30,70,20,18.228
2,movement,stand,553.82,42.668,108.34,9.7024,85.985,142.05,36.038,10,1.8904,9.1379,340,66.667,43.333,18.333,4.881
2,movement,stand,529.54,23.121,113.31,4.9098,98.49,126.37,5.6373,0,0,6.7381,124,10,76.667,15.333,10.813
2,movement,stand,534.85,17.833,112.18,3.8062,104.9,123.3,4.8825,0,0,5.5,83,23.333,76.667,16.333,8.9978
2,movement,stand,609.43,69.766,98.452,13.625,79.936,143.06,30.936,5,1.0183,14.909,399,33.333,40,16.333,5.4742
2,movement,stand,576.48,27.312,104.08,4.8661,92.678,115.12,9.8016,0,0,8.8136,132,66.667,83.333,39.667,4.2981
2,movement,stand,582.96,42.415,102.92,7.454,87.54,122.15,14.805,6,1.1696,9.1786,182,26.667,86.667,22.333,4.0925
2,movement,stand,578.43,34.129,103.73,6.0207,86.906,118.53,12.169,3,58.027,8.7797,186,33.333,70,20.333,7.2899
2,movement,stand,607.32,47.429,98.795,7.1705,77.2,112.4,16.331,9,1.8256,9.3208,266,33.333,66.667,19,2.4452
2,movement,stand,617.17,61.496,97.218,9.502,77.18,113.94,16.683,9,1.8519,16.793,280,33.333,53.333,18.333,5.1705
2,movement,stand,661.59,35.521,90.691,4.8771,78.844,104.9,13.557,2,44.248,8.8824,188,66.667,43.333,18.667,5.1059
2,movement,stand,649.85,31.575,92.328,4.4524,81.833,102.95,12.278,2,43.384,9.0588,152,13.333,70,19.333,2.6821
2,movement,stand,669.39,35.064,89.633,4.6395,77.359,101.42,12.555,2,44.743,8.2963,180,26.667,66.667,15,11.148
2,movement,stand,650.62,32.258,92.22,4.5795,81.878,106.19,11.723,1,21.739,7.9483,156,33.333,86.667,16,8.5189
2,movement,stand,621.44,44.434,96.55,7.0941,79.702,113.9,15.086,6,1.2448,9.1132,227,33.333,76.667,18.333,10.289
2,movement,stand,646.05,42.764,92.872,6.0445,76.355,106.46,14.778,3,64.795,9.4694,221,26.667,53.333,18.667,9.7287
2,movement,stand,643.68,43.182,93.214,6.2312,78.411,112.61,13.168,3,64.516,11.949,224,23.333,40,27.667,12.758
2,movement,stand,581.56,49.014,103.17,10.485,79.597,134.95,27.083,13,2.5292,6.358,359,66.667,53.333,39.333,1.5293
2,movement,stand,608.78,43.912,98.558,6.657,80.321,108.46,11.492,2,40.65,7.4697,172,33.333,63.333,16.333,12.558
2,movement,stand,668.54,53.05,89.748,6.6925,70.34,104.2,31.154,17,3.8031,10.927,282,66.667,10.667,16.667,2.1956
2,movement,stand,659.31,52.801,91.005,7.1357,74.386,107.49,19.302,7,1.5419,14.677,254,33.333,93.333,26.667,1.6264
2,movement,stand,731.45,78.124,82.029,8.8848,69.606,101.97,27.042,27,6.6015,17.826,406,33.333,86.667,15,1.8678
2,movement,stand,689.84,55.189,86.976,8.3877,70.989,118.33,24.159,10,2.3474,14.724,396,33.333,50,16.667,3.9134
2,movement,stand,646.51,68.58,92.806,9.8824,76.123,106.57,33.299,4,86.768,9.625,374,33.333,43.333,15.667,1.3076
2,movement,stand,628.73,37.523,95.431,5.6459,82.781,110.13,15.845,1,21.008,11.925,187,66.667,43.333,34.667,2.4471
2,movement,stand,669.6,39.268,89.606,5.218,77.781,101.83,13.473,4,89.485,11.789,191,66.667,73.333,18,6.4245
2,movement,stand,698.36,30.268,85.916,3.6944,77.62,92.822,13.148,2,46.62,8.4314,133,33.333,83.333,17.333,5.5613
2,movement,stand,723.38,66.57,82.944,7.5308,67.95,98.587,22.295,17,4.1063,14.821,277,33.333,63.333,16.667,3.6792
2,movement,stand,635.02,73.81,94.485,13.788,64.433,175.34,34.524,16,3.4783,11.244,459,10,43.333,15.667,3.3544
2,rest-active,sit,836.05,125.78,71.766,11.704,57.692,102.18,68.312,97,27.171,25.571,626,66.667,40,17.667,1.3742
2,rest-active,sit,864.81,84.358,69.379,7.5518,60.766,93.926,50.364,85,24.566,15.773,366,10,86.667,16.667,1.1584
2,rest-active,sit,751.48,86.61,79.842,9.8757,64.809,106.23,36.285,59,14.824,14.25,325,66.667,73.333,21.333,3.3386
2,rest-active,sit,790.83,80.855,75.869,8.3767,65.317,99.043,44.979,84,22.222,15.792,375,33.333,56.667,16.667,2.1609
2,rest-active,sit,745.48,58.767,80.485,6.3617,70.291,96,34.751,46,11.471,14.889,262,33.333,40,25,1.7621
2,rest-active,sit,720.68,65.122,83.255,7.9174,67.904,108.3,27.373,21,5.0481,18.13,323,66.667,10,20.667,3.4506
2,rest-active,sit,672.63,77.78,89.202,10.395,70.274,115.7,28.613,35,7.8652,12.743,311,33.333,66.667,16,4.4153
2,rest-active,sit,665.2,66.208,90.198,10.037,78.844,115.56,19.397,9,2,11.868,244,13.333,53.333,17.333,3.0262
2,rest-active,sit,761.32,55.411,78.81,6.0625,69.284,98.296,26.661,20,5.0891,11.588,250,26.667,43.333,23.667,2.0695
2,rest-active,sit,766.74,43.404,78.253,4.5409,71.208,91.13,29.727,35,8.9744,11.5,198,66.667,10.333,30,99.999
2,rest-active,sit,769.42,61.718,77.981,6.661,65.66,98.652,29.913,36,9.2545,14.444,284,13.333,63.333,16.667,1.512
2,rest-active,sit,743.91,59.654,80.655,6.6129,70.888,95.481,30.002,39,9.7015,13.433,314,20,12.333,15,2.5599
2,rest-active,sit,742.98,69.732,80.756,7.8301,65.949,102.56,38.103,39,9.6774,16.16,347,20,56.667,20.333,1.3097
2,rest-active,sit,727.75,62.795,82.445,7.2606,69.914,100.57,32.758,25,6.0827,12.875,337,33.333,40,24.333,1.9938
2,rest-active,sit,738.41,57.248,81.256,6.4282,70.028,99.8,29.235,24,5.9259,14,256,33.333,40,23.667,1.523
2,rest-active,sit,730.39,55.767,82.147,6.2969,69.719,99.502,26.723,25,6.0976,14.172,255,13.333,43.333,17.333,2.6714
2,rest-active,sit,739.35,47.014,81.152,5.2869,68.95,98.652,22.443,16,3.9506,9.9024,235,23.333,10.333,15,4.1552
2,rest-active,sit,720.33,36.618,83.296,4.256,73.855,95.268,16.408,5,1.2019,7.4464,184,30,56.667,27.333,1.7339
2,rest-active,sit,753.21,32.841,79.659,3.5914,74.331,90.58,16.156,3,75.567,8.1224,158,23.333,10.333,29.333,1.7423
2,sleep,lie,910.37,49.838,65.907,3.7231,60.265,79.915,38.151,50,15.244,9.4,283,23.333,46.667,32,1.2802
2,sleep,lie,890.5,69.223,67.378,5.6621,58.106,88.002,48.611,90,26.786,14.652,319,33.333,90,15.333,1.4961
2,sleep,lie,797.84,153.89,75.203,17.059,59.137,114.77,42.669,62,16.533,25.067,697,33.333,70,17,2.8689
2,sleep,lie,889.35,111.36,67.465,12.642,57.526,132.62,55.744,89,26.409,16.095,584,66.667,80,15,1.6707
2,sleep,lie,933.83,92.312,64.251,7.0653,55.279,84.081,46.158,75,23.438,13.957,373,23.333,40,28.667,3.3981
2,sleep,lie,929.16,98.379,64.575,7.4585,55.679,86.232,53.479,82,25.466,21.533,426,23.333,56.667,18,1.7018
2,sleep,lie,972.53,107.38,61.695,7.6254,52.567,85.69,55.5,79,25.733,18.118,437,20,83.333,21.667,4.4713
2,sleep,lie,953.59,149.13,62.92,11.791,48.749,95.117,61.04,78,24.841,21,599,33.333,40,28.667,1.9129
2,sleep,lie,852.59,99.052,70.374,8.723,55.659,92.937,37.115,49,14,15.955,407,23.333,40,28.667,3.68
2,sleep,lie,896.49,106.74,66.928,8.7682,53.286,90.854,40.606,61,18.318,22.267,471,10,46.667,26.667,5.593
2,sleep,lie,950.68,112.1,63.112,8.6801,52.919,91.269,60.26,81,25.714,18.588,445,26.667,56.667,26,5.4177
2,sleep,lie,1037.1,76.497,57.852,4.7097,53.173,74.757,53.138,103,35.64,15.263,359,33.333,73.333,26,1.0611
2,sleep,lie,1076.4,49.754,55.744,2.5697,52.029,59.701,59.004,131,47.292,12.087,246,20,43.333,26.333,40.518
2,sleep,lie,1083.7,53.059,55.368,2.7058,51.361,59.916,62.134,141,51.087,12.591,242,23.333,11.667,26.667,24.606
2,sleep,lie,1084.7,51.819,55.315,2.6432,51.326,61.463,57.336,113,41.091,9.8571,233,23.333,43.333,27.667,84.079
2,sleep,lie,994.01,124.32,60.362,8.4649,46.246,88.757,61.298,71,23.667,18.813,532,13.333,50,15.667,3.9436
2,sleep,lie,999.47,100.11,60.032,6.7228,49.06,83.589,53.424,64,21.333,16.722,477,20,53.333,26,2.6898
2,sleep,lie,1045.9,80.513,57.364,4.4623,48.82,72.012,56.382,96,33.566,16.882,427,20,40,23,2.3959
2,sleep,lie,1029.4,135.3,58.289,8.5042,43.605,84.222,67.715,78,26.804,20.857,653,13.333,46.667,24.333,1.9772
2,sleep,lie,1036.7,122.88,57.874,7.6392,49.415,76.943,94.623,144,50,20.643,498,40,40,24,2.6198
2,sleep,lie,1029.8,94.084,58.264,5.751,49.44,71.753,80.248,101,34.828,15.316,417,30,63.333,24,1.6168
2,sleep,lie,1032.6,118.03,58.105,7.2415,48.473,78.145,86.435,130,44.983,22.308,512,36.667,40,21.333,2.2063
2,sleep,lie,924.23,136.41,64.919,10.173,51.458,86.931,61.432,83,25.617,25,692,66.667,63.333,24.333,4.2011
2,sleep,lie,1011.1,114.43,59.341,7.6889,50.667,82.873,50.477,77,26.102,22.769,500,13.333,46.667,24.333,3.4138
2,sleep,lie,986.41,84.348,60.826,5.4252,52.715,76.726,42.961,51,16.832,20.267,395,13.333,40,28,1.963
2,sleep,lie,998.09,147.54,60.115,9.8319,46.758,86.108,83.154,97,32.333,27.364,617,26.667,90,24,2.9866
2,sleep,lie,1068.1,154.97,56.172,9.9753,44.359,89.633,71.847,110,39.427,23.333,665,20,46.667,23.333,3.2377
2,sleep,lie,1044.4,82.365,57.451,4.5786,49.768,68.135,52.295,80,27.875,20.571,405,23.333,43.333,22.667,1.7937
2,sleep,lie,1001.5,132.31,59.908,8.5248,48.552,83.218,63.533,85,28.523,24.917,614,13.333,50,23.333,1.7633
2,sleep,lie,1097.9,161.12,54.65,9.3324,43.19,85.69,103.94,143,52.768,30.222,694,16.667,63.333,26.333,49.221
2,sleep,lie,1133.5,74.221,52.932,3.4796,46.838,60.496,67.414,116,44.106,18.857,352,33.333,50,21.667,78.753
2,sleep,lie,1135.4,85.316,52.847,4.4566,47.695,68.587,60.665,106,40.304,12.571,360,20,66.667,25.667,69.644
2,sleep,lie,1134.8,56.378,52.871,2.6583,48.015,60.976,49.659,83,31.559,12,288,23.333,40,26.667,84.047
2,sleep,lie,1128.1,52.842,53.185,2.5057,48.286,59.102,47.783,73,27.547,12.091,285,23.333,46.667,27.333,1.082
2,sleep,lie,1118.6,51.048,53.64,2.4018,48.411,58.117,48.511,76,28.464,10.308,244,20,63.333,28.333,79.026
2,sleep,lie,1115.3,50.756,53.799,2.4762,50.285,59.618,51.155,92,34.328,14.158,253,23.333,43.333,28.333,70.907
2,sleep,lie,1039.8,121.12,57.705,8.4016,49.464,87.489,47.977,81,28.223,13.714,446,10,40,27.333,1.1263
2,sleep,lie,996.94,59.292,60.184,3.8744,54.23,76.864,33.457,41,13.667,11.148,289,10,40,24,82.321
2,sleep,lie,996.83,85.823,60.191,5.9184,53.505,81.081,45.301,66,22,12.542,347,23.333,40,24.667,2.7205
2,sleep,lie,1030.8,62.794,58.205,3.8437,51.733,75.358,41.305,69,23.793,14.55,312,33.333,73.333,23.333,94.605
2,sleep,lie,989.43,119.74,60.641,9.4852,51.822,94.817,55.237,79,26.159,12.12,528,33.333,40,24.333,1.1286
2,sleep,lie,1070.3,95.069,56.058,5.2008,47.596,71.942,67.394,116,41.577,21.538,466,10,43.333,25,2.3734
2,sleep,lie,1022.3,147,58.694,9.2521,46.055,85.812,83.024,112,38.225,29.4,688,30,43.333,23.667,2.0329